contentId,If you liked,Recommendation 1,Recommendation 2,Recommendation 3,Recommendation 4,Recommendation 5
6.03195E+18,O chefe é gay. E daí?,A saga do jovem CEO da Dasa,"Por dentro do Nubank, conheça os segredos da fintech mais festejada do país",O que é liderança? Liderança é fazer a diversidade funcionar.,"Entrevista com Alejandro Formanchuk: ""Funcionário não é público interno - é ator extremo"" - Blog do Love Mondays",Banco Original discute tendências dos serviços financeiros e lança plataforma para desenvolvedores - Startupi
-1.67638E+18,Microsoft and Bank of America Merrill Lynch Collaborate to Transform Trade Finance Transacting With Azure Blockchain as a Service,Blockchain Will Be Used By 15% of Big Banks By 2017,Where is the bank's digital vision? - Chris Skinner's blog,Adobe and Microsoft Partner in the Azure Cloud to Help Businesses Transform Customer Engagement,Digital Tool as Strategic Enabler for Banking Transformation,Blockchain startup R3 cuts fund-raising target to $150 million: source
8.90029E+18,"A Neural Network for Machine Translation, at Production Scale",Google's new translation software is almost as good as human translators,"Google Cloud Machine Learning family grows with new API, editions and pricing",Why Deep Learning Is Suddenly Changing Your Life,Machine Learning Is No Longer Just for Experts,How real businesses are using machine learning
8.73416E+18,Bitcoin Accepted! German Energy Giant Enables Payments - CCN: Financial Bitcoin & Cryptocurrency News,4 Blockchain Macro Trends: Where to Place Your Bets,3 Big Blockchain Ideas MIT is Working on Right Now - CoinDesk,"Facebook Messenger now supports PayPal payments in bots, will track your PayPal receipts",Why Many Smart Contract Use Cases Are Simply Impossible - CoinDesk,Why Many Smart Contract Use Cases Are Simply Impossible - CoinDesk
6.81724E+18,Desenvolvimento de Aplicativos Mobile com Xamarin -,"Microsoft Is Now 'Open By Default', Says Xamarin Founder Miguel de Icaza",Introducing Docker for Windows Server 2016 - Docker Blog,"Windows 10 Mobile news recap: Nadella teases ""ultimate"" device, Surface Phone spec rumors and more | On MSFT",Comment: IBM's Apple deployment stats should be a lesson to enterprise companies everywhere,Curso mbed na KL25Z - Primeiros passos - Embarcados
-7.4423E+18,Today in Apple history: 'Here's to the crazy ones...' | Cult of Mac,Today in Apple history: Steve Jobs passes away | Cult of Mac,Today in Apple history: Steve Jobs passes away | Cult of Mac,Today in Apple history: World prepares for the NeXT Computer | Cult of Mac,Today in Apple history: iCloud takes our files and photos to the sky | Cult of Mac,Breaking: Apple's Search Ads go LIVE!
-8.85886E+17,"Onion Creates a $5 Linux Computer with Wi-Fi, Designed for IoT Applications",The new 64-bit Orange Pi is a quad-core computer for $20,Announcing new storage classes for Google Cloud Storage: simplifying the storage and management of hot and cold data,Four Node.js Gotchas that Operations Teams Should Know about - The New Stack,Asus ready to take bite of 'Pi' market with Tinker micro PC,Node.js Best Practices - How to Become a Better Developer in 2017 | @RisingStack
-3.23193E+18,Facebook vai lançar sua nova rede social corporativa no mês que vem,Como o Trello foi de 4 a 17 milhões de usuários,"Facebook lança Workplace, versão da rede social para empresas",Especialistas trazem tendências de UX para 2017 - KingHost,Banco Original discute tendências dos serviços financeiros e lança plataforma para desenvolvedores - Startupi,Saiba como a Cisco está trabalhando com IoT e suas iniciativas para os empreendedores desse mercado - Startupi
4.43052E+18,"Facebook, Amazon, Google, IBM and Microsoft come together to create historic Partnership on AI",Here's how The White House wants the U.S. to approach AI R&D,Andrew Ng: What AI Can and Can't Do,Democratizing AI,Top 10 Hot Artificial Intelligence (AI) Technologies,The Competitive Landscape for Machine Intelligence
-7.19161E+18,Introducing the Open Images Dataset,Google DeepMind researchers built a deep-learning system capable of learning from very little data.,Labelling automated builds on Docker Hub - Microscaling Systems,Why Deep Learning Is Suddenly Changing Your Life,"Google Cloud Machine Learning family grows with new API, editions and pricing",ŷhat | Classifying handwritten digits using TensorFlow
-7.63884E+18,Introducing Docker for Windows Server 2016 - Docker Blog,"Use Docker to build, test and push your Artifacts",containerd - a core container runtime project for the industry - Docker Blog,Labelling automated builds on Docker Hub - Microscaling Systems,"Windows 10 Mobile news recap: Nadella teases ""ultimate"" device, Surface Phone spec rumors and more | On MSFT","Docker - Build, Ship, and Run Any App, Anywhere"
4.7855E+18,The new tech talent you need to succeed in digital,Digital Leadership Is Not an Optional Part of Being a CEO,Rewiring Citi for the digital age,12 Agile principles,The Competitive Landscape for Machine Intelligence,The Competitive Landscape for Machine Intelligence
2.61733E+18,Negociação deve garantir ocupação de shoppings até 2017 | EXAME.com,Black Friday salva o ano do e-commerce,A saga do jovem CEO da Dasa,Especialistas trazem tendências de UX para 2017 - KingHost,"SulAmérica continua investindo, apesar da crise - Sonho Seguro","SINAIS do FUTURO imediato: #1, internet das coisas"
8.63162E+18,Blockchain Will Be Used By 15% of Big Banks By 2017,Mapping the Global NeoBank Landscape - Techfoliance,Digital Tool as Strategic Enabler for Banking Transformation,Blockchain startup R3 cuts fund-raising target to $150 million: source,4 Blockchain Macro Trends: Where to Place Your Bets,Microsoft and Bank of America Merrill Lynch Collaborate to Transform Trade Finance Transacting With Azure Blockchain as a Service
-6.88434E+18,"Largest botnet attack in history peaks at over 1 terabits per second, aided by Internet of Things",The internet of stings,"IoT Insurance: Trends in Home, Life & Auto Insurance Industries","The Three R's of Enterprise Security: Rotate, Repave, and Repair - Built to Adapt",Relating a Problem Definition to IoT Architecture | Intel® Software,Announcing updates to Google's Internet of Things platform: Android Things and Weave
-4.67324E+18,Blog | Niantic,Bringing Pokémon GO to life on Google Cloud,Google's Cloud Machine Learning service is now in public beta,What Happens When No One and Everyone Owns a Product? - Built to Adapt,Cloud Native Part 1: Definition,Google Cloud Platform sets a course for new horizons
-5.1544E+18,Innovation is in all the wrong places,Large CPGs are under attack by startups... and consumers are winning,We are on the verge of a consumer M&A avalanche,"9 trends you need to watch at CES 2017, from 'AI' assistants to 'AR' devices",The new tech talent you need to succeed in digital,Digital Leadership Is Not an Optional Part of Being a CEO
-6.24475E+18,The Best Advice From Quora on 'How to Learn Machine Learning',How real businesses are using machine learning,Machine Learning Is No Longer Just for Experts,Stop Coding Machine Learning Algorithms From Scratch - Machine Learning Mastery,Google's Cloud Machine Learning service is now in public beta,"Google Cloud Machine Learning family grows with new API, editions and pricing"
-5.45832E+18,The future of traditional retail is digital,"Samsung, SapientRazorfish Show IoT Retail Approach At NRF",Large CPGs are under attack by startups... and consumers are winning,Six iconic retailers and their digital transformation journeys,Five things to include in your digital transformation playbook,Where is the bank's digital vision? - Chris Skinner's blog
5.21167E+18,Google Cloud Platform sets a course for new horizons,Google's Cloud Machine Learning service is now in public beta,"Google Cloud Machine Learning family grows with new API, editions and pricing",8 must-see sessions for application developers at Google Cloud Next '17,Announcing new storage classes for Google Cloud Storage: simplifying the storage and management of hot and cold data,Lessons from Becoming a Data-Driven Organization
-5.62834E+18,Digital development with online check-in and mobile room keys,Five things to include in your digital transformation playbook,Where is the bank's digital vision? - Chris Skinner's blog,Digital Tool as Strategic Enabler for Banking Transformation,Six iconic retailers and their digital transformation journeys,My Approach to Mobile Accessibility Testing - Ministry of Testing
2.25588E+18,Six iconic retailers and their digital transformation journeys,"Samsung, SapientRazorfish Show IoT Retail Approach At NRF",The future of traditional retail is digital,Five things to include in your digital transformation playbook,Digital Tool as Strategic Enabler for Banking Transformation,Banking Needs a Customer Experience Wake-Up Call
6.58764E+18,Save time with Quick Access in Drive,"Explore in Docs, Sheets and Slides makes work a breeze - and makes you look good, too",Support your Gmail users more easily with revamped bounce messages and message headers,Introducing Google Cloud Search: Bringing the power of Google Search to G Suite customers,Introducing Google Cloud Search: Bringing the power of Google Search to G Suite customers,New Early Adopter Programs: Team Drives and a new Hangouts video meetings experience
-1.15059E+18,Digitization and The Loss of Iconography - Posted by SYPartners,Understanding User Psychology: Thinking Like a Game Designer,Marketing To Millennials: 'Dope' Takeaways From 'Just Dance 2017',Introducing Ask a Female Engineer,What to look for in a code review ,"Life Coach vs. Therapist, Learn the Difference | Tony Robbins"
-2.42498E+18,All Together Now. Introducing G Suite.,Customize your G Suite experience with App Maker and Recommended apps,Slack and Google announce partnership focused on better integrating their services,"[Situation Wall] Jamboard - the whiteboard, reimagined for collaboration in the cloud",New Early Adopter Programs: Team Drives and a new Hangouts video meetings experience,Google Cloud Platform sets a course for new horizons
-3.06174E+18,"Explore in Docs, Sheets and Slides makes work a breeze - and makes you look good, too",Save time with Quick Access in Drive,New Early Adopter Programs: Team Drives and a new Hangouts video meetings experience,Support your Gmail users more easily with revamped bounce messages and message headers,7 Vital SEO Trends for Google Rankings in 2017 | Digital Current,"Practical advice for analysis of large, complex data sets"
-6.20767E+18,How CIOs Leverage Business Intelligence to Drive Smarter Decision-Making,The Competitive Landscape for Machine Intelligence,The Competitive Landscape for Machine Intelligence,The new tech talent you need to succeed in digital,Lessons from Becoming a Data-Driven Organization,Digital Leadership Is Not an Optional Part of Being a CEO
5.39587E+18,Large CPGs are under attack by startups... and consumers are winning,We are on the verge of a consumer M&A avalanche,The future of traditional retail is digital,The Sweet Way that Gamification Helps M&M's Boost Consumer Engagement - Gamification Co,Innovation is in all the wrong places,Adobe Announces Cross-Device Co-op to Enable People-Based Marketing
8.8645E+17,New Early Adopter Programs: Team Drives and a new Hangouts video meetings experience,12 Agile principles,Why do you Fail at Growth Marketing and How to Solve it,What Happens When No One and Everyone Owns a Product? - Built to Adapt,"[Situation Wall] Jamboard - the whiteboard, reimagined for collaboration in the cloud",Slack and Google announce partnership focused on better integrating their services
-2.4877E+18,"Google saves Allo conversations, a win for machine learning but a loss for privacy - Tech2",Google's Cloud Machine Learning service is now in public beta,7 Vital SEO Trends for Google Rankings in 2017 | Digital Current,"Spanner, the Google Database That Mastered Time, Is Now Open to Everyone",Google's new translation software is almost as good as human translators,"Google Cloud Machine Learning family grows with new API, editions and pricing"
-6.76116E+18,Banco Original discute tendências dos serviços financeiros e lança plataforma para desenvolvedores - Startupi,Saiba como a Cisco está trabalhando com IoT e suas iniciativas para os empreendedores desse mercado - Startupi,"Por dentro do Nubank, conheça os segredos da fintech mais festejada do país",Como o Trello foi de 4 a 17 milhões de usuários,Especialistas trazem tendências de UX para 2017 - KingHost,"SINAIS do FUTURO imediato: #1, internet das coisas"
-3.17936E+18,Not Your Father's Insurance Industry - Insurance Thought Leadership,Top 10 Insurtech Trends for 2017 - Insurance Thought Leadership,"IoT Insurance: Trends in Home, Life & Auto Insurance Industries",The new tech talent you need to succeed in digital,A smart home is where the bot is,Digital Tool as Strategic Enabler for Banking Transformation
3.12828E+18,Pury - New Way to Profile Your Android Application,"Stream processing, Event sourcing, Reactive, CEP... and making sense of it all - Confluent","Practical advice for analysis of large, complex data sets",The Java 8 API Design Principles,Communication patterns in a Microservice world,The Complete Google Analytics Audit Checklist | Optimization Up
8.77989E+18,Mastercard lança plataforma de APIs abertas para soluções de pagamentos - Startupi,Mastercard libera APIs para quem quer desenvolver novas fintechs,Banco Original discute tendências dos serviços financeiros e lança plataforma para desenvolvedores - Startupi,Especialistas trazem tendências de UX para 2017 - KingHost,"Mastercard disponibiliza autenticação de pagamento por ""selfie"" no Brasil e México - Startupi","IBM e Visa transformam automóveis, eletrodomésticos e outros dispositivos conectados em potenciais pontos de vendas"
-9.03321E+18,Google's Cloud Machine Learning service is now in public beta,Google Cloud Platform sets a course for new horizons,"Google Cloud Machine Learning family grows with new API, editions and pricing",How real businesses are using machine learning,Machine Learning Is No Longer Just for Experts,"Google saves Allo conversations, a win for machine learning but a loss for privacy - Tech2"
1.74708E+17,Bringing Pokémon GO to life on Google Cloud,Google Cloud Platform sets a course for new horizons,Blog | Niantic,Google's Cloud Machine Learning service is now in public beta,Understanding User Psychology: Thinking Like a Game Designer,8 must-see sessions for application developers at Google Cloud Next '17
7.51009E+18,Don't Waste Your Time on Networking Events,Communication patterns in a Microservice world,"Stream processing, Event sourcing, Reactive, CEP... and making sense of it all - Confluent","What do you mean by ""Event-Driven""?",Communication Within an Android App With EventBus,Building Event-driven Microservices Using CQRS and Serverless
3.48633E+17,Tracking Multiple Categories in Google Analytics for Content Pages - E-Nor | Google Analytics Blog,The Complete Google Analytics Audit Checklist | Optimization Up,Improvements coming to the Google Analytics desktop UI,"Stream processing, Event sourcing, Reactive, CEP... and making sense of it all - Confluent",Building a Facebook Chat Bot with Node and Heroku,Using Display Suite in Drupal 8: How to Customize Content Pages - WebWash
5.41029E+18,"Use Docker to build, test and push your Artifacts",Labelling automated builds on Docker Hub - Microscaling Systems,Introducing Docker for Windows Server 2016 - Docker Blog,Testing a new Drupal 8 installation with 2 Docker commands,Drupal 8 CI/CD with Docker via Jenkins. Part 1: Integration,containerd - a core container runtime project for the industry - Docker Blog
-8.05219E+18,Google lança novos recursos para o Analytics,Especialistas trazem tendências de UX para 2017 - KingHost,Como o Trello foi de 4 a 17 milhões de usuários,Banco Original discute tendências dos serviços financeiros e lança plataforma para desenvolvedores - Startupi,Black Friday salva o ano do e-commerce,Saiba como a Cisco está trabalhando com IoT e suas iniciativas para os empreendedores desse mercado - Startupi
6.79006E+17,Mastercard libera APIs para quem quer desenvolver novas fintechs,Mastercard lança plataforma de APIs abertas para soluções de pagamentos - Startupi,"Mastercard disponibiliza autenticação de pagamento por ""selfie"" no Brasil e México - Startupi",Banco Original discute tendências dos serviços financeiros e lança plataforma para desenvolvedores - Startupi,"IBM e Visa transformam automóveis, eletrodomésticos e outros dispositivos conectados em potenciais pontos de vendas",Especialistas trazem tendências de UX para 2017 - KingHost
-6.65447E+18,Advanced Android Espresso,RecyclerView Prefetch - Google Developers,What to look for in a code review ,Building a Facebook Chat Bot with Node and Heroku,Android Fundamentals: IntentService Basics,Using Display Suite in Drupal 8: How to Customize Content Pages - WebWash
8.34896E+17,So you want to sell to banks?,Digital Tool as Strategic Enabler for Banking Transformation,Blockchain Will Be Used By 15% of Big Banks By 2017,Mapping the Global NeoBank Landscape - Techfoliance,How do you sell SaaS software to enterprise businesses?,Where is the bank's digital vision? - Chris Skinner's blog
2.51587E+18,Woolworths,Black Friday salva o ano do e-commerce,"Por dentro do Nubank, conheça os segredos da fintech mais festejada do país",Especialistas trazem tendências de UX para 2017 - KingHost,Saiba como a Cisco está trabalhando com IoT e suas iniciativas para os empreendedores desse mercado - Startupi,TI Bimodal? Receita para o desastre...
-6.15862E+17,Facebook cria e-commerce para concorrer com eBay,Como o Trello foi de 4 a 17 milhões de usuários,Especialistas trazem tendências de UX para 2017 - KingHost,"Facebook lança Workplace, versão da rede social para empresas",Banco Original discute tendências dos serviços financeiros e lança plataforma para desenvolvedores - Startupi,Black Friday salva o ano do e-commerce
-3.8508E+18,Novas frentes de trabalho da Alelo vão de ações de fidelidade a novos meios de pagamento,"Por dentro do Nubank, conheça os segredos da fintech mais festejada do país",Saiba como a Cisco está trabalhando com IoT e suas iniciativas para os empreendedores desse mercado - Startupi,Especialistas trazem tendências de UX para 2017 - KingHost,Como o Trello foi de 4 a 17 milhões de usuários,Banco Original discute tendências dos serviços financeiros e lança plataforma para desenvolvedores - Startupi
-4.99634E+18,Live asynchronously.,9 Rules of Open-Office Etiquette,Why Programmers Want Private Offices,Seniority,Slack CEO Stewart Butterfield on the Future of Communication,Ask a Female Engineer: Joining a Startup
6.0068E+18,​Kubernetes 1.4: One DevOps tool to rule all the containers | ZDNet,Google Cloud Platform sets a course for new horizons,Using TensorFlow and JupyterHub in Classrooms,"Building A Modern, Scalable Backend: Modernizing Monolithic Applications",8 must-see sessions for application developers at Google Cloud Next '17,"Docker - Build, Ship, and Run Any App, Anywhere"
1.23394E+18,Feito por Elas #01 Agnieszka Holland | AntiCast,"IBM e Visa transformam automóveis, eletrodomésticos e outros dispositivos conectados em potenciais pontos de vendas",Kaol Porfírio luta como uma garota! - Think Olga,O chefe é gay. E daí?,A saga do jovem CEO da Dasa,"""5G está para IoT como 4G esteve para o Smartphone"", saiba as apostas da Intel para 2017"
-5.92048E+18,How it feels to learn Javascript in 2016,"The Languages, Frameworks and Tools You Should Learn in 2017",What to look for in a code review ,15 Interesting JavaScript and CSS Libraries for October 2016,"Front-End Performance Checklist 2017 (PDF, Apple Pages) - Smashing Magazine",Node.js Best Practices - How to Become a Better Developer in 2017 | @RisingStack
3.46783E+18,15 Interesting JavaScript and CSS Libraries for October 2016,20 Awesome PHP Libraries For Early 2017,15 Awesome Sublime Text Plugins For Web Development,"The Languages, Frameworks and Tools You Should Learn in 2017",How it feels to learn Javascript in 2016,"Front-End Performance Checklist 2017 (PDF, Apple Pages) - Smashing Magazine"
7.01367E+18,Itaú Unibanco fecha compra de ativos de varejo do Citi no Brasil,Como o Banco do Brasil está inovando e incentivando o intraempreendedorismo,Banco Original discute tendências dos serviços financeiros e lança plataforma para desenvolvedores - Startupi,A saga do jovem CEO da Dasa,Black Friday salva o ano do e-commerce,"Infracommerce, operadora de e-commerce da Ambev e Alpargatas, recebe aporte de R$ 40 mi"
-8.80003E+18,"Facebook Workplace officially launches on the web and iOS, set to compete head-on with Slack","Facebook lança Workplace, versão da rede social para empresas",IBM Watson is about to make Slack's chat bot smarter,Slack and Google announce partnership focused on better integrating their services,Slack swips at Skype with video calls and reaction emoji,Building on Slack Saved Our Startup
-5.65825E+18,Machine Learning and the VP Debate,Most Interesting APIs in 2016: Cognitive Computing,"Google Cloud Machine Learning family grows with new API, editions and pricing",The Java 8 API Design Principles,"Practical advice for analysis of large, complex data sets",IBM Seeks to Simplify Graph with New Titan Service
3.78386E+17,5 Podcasts : Aprenda mais sobre gestão e liderança,A saga do jovem CEO da Dasa,Banco Original discute tendências dos serviços financeiros e lança plataforma para desenvolvedores - Startupi,"SINAIS do FUTURO imediato: #1, internet das coisas","Por dentro do Nubank, conheça os segredos da fintech mais festejada do país",O que é benchmarking? Veja quando um concorrente se torna inspiração!
-7.52788E+15,De piada sobre TPM a servir cafezinho: como lidar com machismo no trabalho?,"SINAIS do FUTURO imediato: #1, internet das coisas",Kaol Porfírio luta como uma garota! - Think Olga,O que é benchmarking? Veja quando um concorrente se torna inspiração!,O manual do deboísta corporativo,"Por dentro do Nubank, conheça os segredos da fintech mais festejada do país"
5.85421E+18,The hardest thing in computer science,Don't document your code. Code your documentation.,What to look for in a code review ,The Java 8 API Design Principles,Java 8 Streams - A Deeper Approach About Performance Improvement,Inversion of Control Containers and the Dependency Injection pattern
-4.27386E+17,UBS targets less rich Brits with robo-advisor platform,Digital Tool as Strategic Enabler for Banking Transformation,Blockchain Will Be Used By 15% of Big Banks By 2017,Blockchain startup R3 cuts fund-raising target to $150 million: source,Where is the bank's digital vision? - Chris Skinner's blog,Microsoft and Bank of America Merrill Lynch Collaborate to Transform Trade Finance Transacting With Azure Blockchain as a Service
-2.89096E+18,Unilever: The biggest digital start-up in the world?,Large CPGs are under attack by startups... and consumers are winning,We are on the verge of a consumer M&A avalanche,These Are The 10 Most Purchased Brands in the World,Digital Leadership Is Not an Optional Part of Being a CEO,Where is the bank's digital vision? - Chris Skinner's blog
6.09903E+18,New APIs Expand Line's Third Party Integration and Chatbot Capabilities,Introduction To Chatbots,Most Interesting APIs in 2016: Cognitive Computing,Life Beyond Email: Chatbot Marketing,Building a Facebook Chat Bot with Node and Heroku,Support your Gmail users more easily with revamped bounce messages and message headers
1.7373E+18,New Trend Briefing from TrendWatching | AUTONOMANIA!,Andrew Ng: What AI Can and Can't Do,Here's how The White House wants the U.S. to approach AI R&D,A smart home is where the bot is,Large CPGs are under attack by startups... and consumers are winning,trendwatching.com | 5 Trends for 2017 | TrendWatching
-2.89644E+18,"Simple rolls out shared bank accounts that work for anyone, including roommates",Engineering Digital Banking Solutions Using UX Methodology,"Amazon looking to buy Capital One? "" Banking Technology",Yahoo discloses hack of 1 billion accounts,So you want to sell to banks?,Digital Tool as Strategic Enabler for Banking Transformation
1.79739E+18,Breaking: Apple's Search Ads go LIVE!,Today in Apple history: 'Here's to the crazy ones...' | Cult of Mac,The Mobile Growth Stack: 2017 Edition - Mobile Growth Stack,Voice Search Could Become Mainstream Within the Next 5 Years,This 8-Page Website Generated Six-Figures in its First 8 Months - gaps,13 Killer SEO Copywriting Tips (With Examples and A/B Tests)
6.67869E+18,Why Deep Learning Is Suddenly Changing Your Life,"AI Pioneer Yoshua Bengio Is Launching Element.AI, a Deep-Learning Incubator",Baidu Research grills AI models on deep learning,Google DeepMind researchers built a deep-learning system capable of learning from very little data.,Machine Learning Is No Longer Just for Experts,Microsoft adds Python to deep learning toolkit
8.26749E+17,The investment case for employing a Drupal core contributor - Dries Buytaert,Drupal 8 is 1 Year Old (AND YOU GET A PRIZE!),0. The case for Drupal and Commerce,6. What can Acquia and the community do now regarding Drupal and ecommerce?,Dries Distributions remain a growing opportunity for Drupal - Buytaert,2. Why Drupal is ideal for ecommerce
4.8939E+18,[Article] Poka Yoke: o que é e como implementar | Endeavor Brasil,"SINAIS do FUTURO imediato: #1, internet das coisas",O que é benchmarking? Veja quando um concorrente se torna inspiração!,Use Poka-Yoke Technique to Improve Software Quality,Especialistas trazem tendências de UX para 2017 - KingHost,O manual do deboísta corporativo
-8.20221E+18,Cover-More to raise $73.3 million to buy Travelex insurance unit,"IoT Insurance: Trends in Home, Life & Auto Insurance Industries",Top 10 Insurtech Trends for 2017 - Insurance Thought Leadership,Microsoft and Bank of America Merrill Lynch Collaborate to Transform Trade Finance Transacting With Azure Blockchain as a Service,Not Your Father's Insurance Industry - Insurance Thought Leadership,"Amazon looking to buy Capital One? "" Banking Technology"
6.60451E+17,Duolingo's chatbots help you learn a new language,"Which countries study which languages, and what can we learn from it? | Making Duolingo Blog",Introduction To Chatbots,A smart home is where the bot is,The Three Language Acquisition Stages,Introducing Mini Courses with MS Chatbots
1.97165E+18,TI Bimodal? Receita para o desastre...,"SINAIS do FUTURO imediato: #1, internet das coisas",O que é benchmarking? Veja quando um concorrente se torna inspiração!,Saiba como a Cisco está trabalhando com IoT e suas iniciativas para os empreendedores desse mercado - Startupi,"Por dentro do Nubank, conheça os segredos da fintech mais festejada do país",Especialistas trazem tendências de UX para 2017 - KingHost
-1.60691E+18,Accenture and Adboe team on customer enegagement,Adobe and Microsoft Partner in the Azure Cloud to Help Businesses Transform Customer Engagement,Adobe Announces Cross-Device Co-op to Enable People-Based Marketing,Banking Needs a Customer Experience Wake-Up Call,Digital Tool as Strategic Enabler for Banking Transformation,Top 10 Insurtech Trends for 2017 - Insurance Thought Leadership
5.94979E+18,How to use Docker to run ASP.NET Core apps on Google App Engine,8 must-see sessions for application developers at Google Cloud Next '17,Introducing Google Cloud Shell's new code editor,"Use Docker to build, test and push your Artifacts",Customize your G Suite experience with App Maker and Recommended apps,Expanding our IDE support with a new Eclipse plugin for App Engine
-8.04763E+18,The door for new contributors to Drupal is still locked,The investment case for employing a Drupal core contributor - Dries Buytaert,12 Agile principles,What to look for in a code review ,Drupal 8 is 1 Year Old (AND YOU GET A PRIZE!),Evaluating the Chinese Developer Community
-7.838E+18,Festival de Fotografia Hercule Florence - Timeline | Facebook,25 Coisas que Você Devia Começar a Fazer Agora que Tem 25 anos,Especialistas trazem tendências de UX para 2017 - KingHost,"ProtoHack, hackathon criado no Vale do Silício, desembarca em São Paulo para sua primeira edição no espaço Engenho Maker - Startupi",Saiba como a Cisco está trabalhando com IoT e suas iniciativas para os empreendedores desse mercado - Startupi,Black Friday salva o ano do e-commerce
5.24776E+17,Graph-powered Machine Learning at Google,IBM Seeks to Simplify Graph with New Titan Service,How real businesses are using machine learning,Machine Learning Is No Longer Just for Experts,The Best Advice From Quora on 'How to Learn Machine Learning',Google's Cloud Machine Learning service is now in public beta
5.76199E+18,Telegram Bolsters Bot API with New Gaming Functionality,Introduction To Chatbots,Globo G1 lança Bot para o Telegram que te ajuda a estudar para o Enem,Introducing Mini Courses with MS Chatbots,New APIs Expand Line's Third Party Integration and Chatbot Capabilities,"Zo, Microsoft's latest attempt at a chatbot, is ready to converse on Kik app"
2.62882E+18,Today in Apple history: Steve Jobs passes away | Cult of Mac,Today in Apple history: Steve Jobs passes away | Cult of Mac,Today in Apple history: World prepares for the NeXT Computer | Cult of Mac,Today in Apple history: 'Here's to the crazy ones...' | Cult of Mac,Today in Apple history: iCloud takes our files and photos to the sky | Cult of Mac,"R.I.P. David Bunnell, founder of MacWorld | Cult of Mac"
5.08708E+18,"Google Pixel, o primeiro smartphone feito pelo Google | Google Discovery",Como a Netshoes se preparou para a Black Friday deste ano,Black Friday salva o ano do e-commerce,Especialistas trazem tendências de UX para 2017 - KingHost,Saiba como a Cisco está trabalhando com IoT e suas iniciativas para os empreendedores desse mercado - Startupi,O futuro das interfaces: Chatbots - Tableless
5.84219E+18,3 Pillars of the Most Successful Tech Products,The Mobile Growth Stack: 2017 Edition - Mobile Growth Stack,Why do you Fail at Growth Marketing and How to Solve it,How to Embrace Constant Change in Growth,Building on Slack Saved Our Startup,7 Tips to Create a Company Learning Culture like Google - Without Resources
-4.2806E+18,The internet of stings,"Largest botnet attack in history peaks at over 1 terabits per second, aided by Internet of Things",America's allies are preparing for a bumpy ride,"As Artificial Intelligence Evolves, So Does Its Criminal Potential","The Three R's of Enterprise Security: Rotate, Repave, and Repair - Built to Adapt",What DeepMind brings to Alphabet
-6.57033E+18,Baidu Research grills AI models on deep learning,"AI Pioneer Yoshua Bengio Is Launching Element.AI, a Deep-Learning Incubator",Why Deep Learning Is Suddenly Changing Your Life,Machine Learning Is No Longer Just for Experts,How real businesses are using machine learning,Microsoft adds Python to deep learning toolkit
7.18293E+18,"ProtoHack, hackathon criado no Vale do Silício, desembarca em São Paulo para sua primeira edição no espaço Engenho Maker - Startupi",Como o Banco do Brasil está inovando e incentivando o intraempreendedorismo,Saiba como a Cisco está trabalhando com IoT e suas iniciativas para os empreendedores desse mercado - Startupi,Black Friday salva o ano do e-commerce,Serasa Experian realiza hackathon com prêmios de até R$10 mil - Startupi,Especialistas trazem tendências de UX para 2017 - KingHost
7.90211E+17,Cartilha sobre técnicas de bioconstrução,Especialistas trazem tendências de UX para 2017 - KingHost,Saiba como a Cisco está trabalhando com IoT e suas iniciativas para os empreendedores desse mercado - Startupi,Banco Original discute tendências dos serviços financeiros e lança plataforma para desenvolvedores - Startupi,"Por dentro do Nubank, conheça os segredos da fintech mais festejada do país",Black Friday salva o ano do e-commerce
3.71513E+18,JPMorgan is Quietly Developing a Private Ethereum Blockchain - CoinDesk,"JPMorgan Software Does in Seconds What Took Lawyers 360,000 Hours",12 Agile principles,Blockchain Will Be Used By 15% of Big Banks By 2017,Blockchain startup R3 cuts fund-raising target to $150 million: source,Why Many Smart Contract Use Cases Are Simply Impossible - CoinDesk
-7.57112E+18,"Meerkat, star app of 2015, is officially dead",Building on Slack Saved Our Startup,Twitter is shutting down Vine,Slack swips at Skype with video calls and reaction emoji,Six iconic retailers and their digital transformation journeys,3 Pillars of the Most Successful Tech Products
3.58589E+18,Can Artificial Intelligence Enhance The Mass Customization In The Fashion Sector ?,Here's how The White House wants the U.S. to approach AI R&D,Andrew Ng: What AI Can and Can't Do,Democratizing AI,How real businesses are using machine learning,Top 10 Hot Artificial Intelligence (AI) Technologies
6.76611E+18,Stop Trying to Sound Smart When You're Writing,13 Killer SEO Copywriting Tips (With Examples and A/B Tests),Seniority,Write Like You Talk,The Three Language Acquisition Stages,Support your Gmail users more easily with revamped bounce messages and message headers
3.1963E+18,"National Coming Out Day - Wikipedia, the free encyclopedia","Developing the Opportunity for Corporate Entrepreneurs - University of Maryland, College Park | Coursera",Having Children Destroyed My Career,"Life Coach vs. Therapist, Learn the Difference | Tony Robbins",Introducing Ask a Female Engineer,What A Difference 2 Percentage Points Makes
-5.88195E+18,How Robots Can Acquire New Skills from Their Shared Experience,Machine Learning Is No Longer Just for Experts,Google DeepMind researchers built a deep-learning system capable of learning from very little data.,Why Deep Learning Is Suddenly Changing Your Life,Baidu Research grills AI models on deep learning,Stop Coding Machine Learning Algorithms From Scratch - Machine Learning Mastery
5.81794E+18,Today in Apple history: Steve Jobs passes away | Cult of Mac,Today in Apple history: Steve Jobs passes away | Cult of Mac,Today in Apple history: World prepares for the NeXT Computer | Cult of Mac,Today in Apple history: 'Here's to the crazy ones...' | Cult of Mac,Today in Apple history: iCloud takes our files and photos to the sky | Cult of Mac,"R.I.P. David Bunnell, founder of MacWorld | Cult of Mac"
-7.5559E+18,ConstraintLayout - Part 1,Building interfaces with ConstraintLayout - Google Developers,Using Display Suite in Drupal 8: How to Customize Content Pages - WebWash,How to build cross-platform mobile apps using nothing more than a JSON markup,Support Ended for Eclipse Android Developer Tools,RecyclerView Prefetch - Google Developers
-4.48702E+18,Visa inaugura Co-Creation Center em São Paulo,Visa anuncia plataforma para pagamentos B2B internacionais com tecnologia blockchain - Startupi,"IBM e Visa transformam automóveis, eletrodomésticos e outros dispositivos conectados em potenciais pontos de vendas",Primeiro chatbot do varejo brasileiro no Facebook Messenger já está funcionando - Startupi,Banco Original discute tendências dos serviços financeiros e lança plataforma para desenvolvedores - Startupi,Saiba como a Cisco está trabalhando com IoT e suas iniciativas para os empreendedores desse mercado - Startupi
-1.45234E+18,Globo G1 lança Bot para o Telegram que te ajuda a estudar para o Enem,25 Coisas que Você Devia Começar a Fazer Agora que Tem 25 anos,Saiba como a Cisco está trabalhando com IoT e suas iniciativas para os empreendedores desse mercado - Startupi,O que é benchmarking? Veja quando um concorrente se torna inspiração!,O futuro das interfaces: Chatbots - Tableless,Como o Trello foi de 4 a 17 milhões de usuários
-1.25126E+18,Use Poka-Yoke Technique to Improve Software Quality,[Article] Poka Yoke: o que é e como implementar | Endeavor Brasil,Build Quality In: The Key to Continuous Delivery in Kanban,12 Agile principles,Time to Re-Think Design Thinking,The new tech talent you need to succeed in digital
-6.37051E+17,Most experts say AI isn't as much of a threat as you might think,Andrew Ng: What AI Can and Can't Do,Here's how The White House wants the U.S. to approach AI R&D,Top 10 Hot Artificial Intelligence (AI) Technologies,The Non-Technical Guide to Machine Learning & Artificial Intelligence - Machine Learnings,Democratizing AI
3.63798E+17,To Be Continued: Helping you find shows you want to continue watching,ŷhat | Classifying handwritten digits using TensorFlow,New Early Adopter Programs: Team Drives and a new Hangouts video meetings experience,"Practical advice for analysis of large, complex data sets",Moving the Drupal 8 workflow initiative along,The Complete Google Analytics Audit Checklist | Optimization Up
-7.53965E+18,Inteligência artificial do Google é capaz de descrever imagens | Google Discovery,Aplicação de visão computacional com OpenCV,Inteligência artificial do Google aprende a aprimorar fotos como nos filmes | Google Discovery,"SINAIS do FUTURO imediato: #1, internet das coisas",Saiba como a Cisco está trabalhando com IoT e suas iniciativas para os empreendedores desse mercado - Startupi,A saga do jovem CEO da Dasa
5.11112E+18,Engineers Shouldn't Write ETL: A Guide to Building a High Functioning Data Science Department,Lessons from Becoming a Data-Driven Organization,"Practical advice for analysis of large, complex data sets",Stop Trying to Monetize Your Data - Built to Adapt,The new tech talent you need to succeed in digital,Introducing the Data Science Maturity Model
-1.77111E+18,Braincast 207 - A Revolução das Máquinas Inteligentes,25 Coisas que Você Devia Começar a Fazer Agora que Tem 25 anos,"SINAIS do FUTURO imediato: #1, internet das coisas",Saiba como a Cisco está trabalhando com IoT e suas iniciativas para os empreendedores desse mercado - Startupi,Especialistas trazem tendências de UX para 2017 - KingHost,O manual do deboísta corporativo
8.416E+18,Real World Swift Performance,What to look for in a code review ,Swift Top 10 Articles For The Past Year (v.2017),Java 8 Streams - A Deeper Approach About Performance Improvement,Don't document your code. Code your documentation.,The Java 8 API Design Principles
-1.89785E+18,Your health insurance might score you an Apple Watch,Review: Apple Watch Series 2 | MacMagazine.com.br,Taking the Apple Watch Nike+ for a spin,Today in Apple history: 'Here's to the crazy ones...' | Cult of Mac,Lessons from Becoming a Data-Driven Organization,How Mobile Health Apps and Wearables Could Actually Make People Sicker
-2.16463E+18,"Machine Learning Tools Help Google Science Fair Finalists Find Lost Objects, Predict Breast Cancer Risk",Machine Learning Is No Longer Just for Experts,How real businesses are using machine learning,Google's Cloud Machine Learning service is now in public beta,"Google Cloud Machine Learning family grows with new API, editions and pricing",Why Deep Learning Is Suddenly Changing Your Life
-6.38003E+18,How the Communicator's Dilemma Made a 'Slack-lash' Inevitable,Building on Slack Saved Our Startup,IBM Watson is about to make Slack's chat bot smarter,Slack and Google announce partnership focused on better integrating their services,Slack swips at Skype with video calls and reaction emoji,Slack CEO Stewart Butterfield on the Future of Communication
8.24093E+18,IBM Watson: Talking To An Ad,IBM Watson is about to make Slack's chat bot smarter,Robô da IBM substitui 34 funcionários de empresa no Japão,"Apple &amp; IBM launch first 'MobileFirst for iOS' education app, IBM Watson Element","IBM e Visa transformam automóveis, eletrodomésticos e outros dispositivos conectados em potenciais pontos de vendas",Aplicações da Inteligência artificial | Endeavor Brasil
-8.99666E+18,Esse bot do Facebook Messenger te ajuda a estudar para o ENEM,O futuro das interfaces: Chatbots - Tableless,Saiba como a Cisco está trabalhando com IoT e suas iniciativas para os empreendedores desse mercado - Startupi,Globo G1 lança Bot para o Telegram que te ajuda a estudar para o Enem,"SINAIS do FUTURO imediato: #1, internet das coisas",25 Coisas que Você Devia Começar a Fazer Agora que Tem 25 anos
-5.40373E+18,Aplicações da Inteligência artificial | Endeavor Brasil,"Como a inteligência artificial já muda mercados, da gastronomia ao petróleo - Startupi",Especialistas trazem tendências de UX para 2017 - KingHost,Banco Original discute tendências dos serviços financeiros e lança plataforma para desenvolvedores - Startupi,Saiba como a Cisco está trabalhando com IoT e suas iniciativas para os empreendedores desse mercado - Startupi,"SINAIS do FUTURO imediato: #1, internet das coisas"
7.72737E+18,Demystifying Docker overlay networking,"Use Docker to build, test and push your Artifacts",Introducing Docker for Windows Server 2016 - Docker Blog,containerd - a core container runtime project for the industry - Docker Blog,Testing a new Drupal 8 installation with 2 Docker commands,​Kubernetes 1.4: One DevOps tool to rule all the containers | ZDNet
2.08151E+18,Chip Pro sequel to crowdsourced $9 computer sets its sights on gadget makers,New MacBook Pro is not a Laptop for Developers Anymore,The new 64-bit Orange Pi is a quad-core computer for $20,"Onion Creates a $5 Linux Computer with Wi-Fi, Designed for IoT Applications",Code.org 2016 Annual Report,Amazon takes on Skype and GoToMeeting with its Chime video conferencing app
2.71545E+18,'The Simpsons' celebrates 600 episodes with a VR couch gag,Client-side ranking to more efficiently show people stories in feed,Support Ended for Eclipse Android Developer Tools,trendwatching.com | 5 Trends for 2017 | TrendWatching,"Google anuncia Android Things, plataforma para a Internet das Coisas | Google Discovery",My experience with Google's Associate Android Developer Certification
-1.78774E+18,Laboratório da Disney cria robô que pula,"XP lançará robô que seleciona melhores investimentos para clientes, diz CEO",O que é benchmarking? Veja quando um concorrente se torna inspiração!,"SINAIS do FUTURO imediato: #1, internet das coisas",Saiba como a Cisco está trabalhando com IoT e suas iniciativas para os empreendedores desse mercado - Startupi,"Entrevista com Alejandro Formanchuk: ""Funcionário não é público interno - é ator extremo"" - Blog do Love Mondays"
-4.02478E+18,Using behavioral data to improve customer satisfaction,Banking Needs a Customer Experience Wake-Up Call,Lessons from Becoming a Data-Driven Organization,Stop Trying to Monetize Your Data - Built to Adapt,Salesforce adds some artificial intelligence to customer service products,The Complete Google Analytics Audit Checklist | Optimization Up
1.99293E+18,Google vai reduzir em 50% consumo de memória do Chrome | Google Discovery,"SINAIS do FUTURO imediato: #1, internet das coisas",O que é liderança? Liderança é fazer a diversidade funcionar.,"Por dentro do Nubank, conheça os segredos da fintech mais festejada do país",Especialistas trazem tendências de UX para 2017 - KingHost,Como o Trello foi de 4 a 17 milhões de usuários
-4.19585E+18,Testing a new Drupal 8 installation with 2 Docker commands,"Use Docker to build, test and push your Artifacts",Drupal 8 CI/CD with Docker via Jenkins. Part 1: Integration,containerd - a core container runtime project for the industry - Docker Blog,Labelling automated builds on Docker Hub - Microscaling Systems,Introducing Docker for Windows Server 2016 - Docker Blog
-3.13018E+18,"XP lançará robô que seleciona melhores investimentos para clientes, diz CEO",Banco Original discute tendências dos serviços financeiros e lança plataforma para desenvolvedores - Startupi,Especialistas trazem tendências de UX para 2017 - KingHost,Primeiro chatbot do varejo brasileiro no Facebook Messenger já está funcionando - Startupi,Saiba como a Cisco está trabalhando com IoT e suas iniciativas para os empreendedores desse mercado - Startupi,A saga do jovem CEO da Dasa
-3.05803E+18,The Java 8 API Design Principles,Java 8 Streams - A Deeper Approach About Performance Improvement,Most Interesting APIs in 2016: Cognitive Computing,The hardest thing in computer science,Using Microservices Architecture as API Enablement Strategy,The Ultimate Solution to Versioning REST APIs: Content Negotiation
-3.24823E+18,Debugging WordPress: 11 Powerful Tips and Techniques,Learn About the PHP Trends and Predictions for 2017,Speed Up a WordPress Website in 8 Steps,20 Awesome PHP Libraries For Early 2017,Exploited Script in WordPress Themes Send Spam,What to look for in a code review 
-8.27838E+18,Aussie Uses Arduino Chips To Roboticize a Ford Focus,"9 trends you need to watch at CES 2017, from 'AI' assistants to 'AR' devices",A smart home is where the bot is,What is Affective Computing And How Could Emotional Machines Change Our Lives?,"Facebook Workplace officially launches on the web and iOS, set to compete head-on with Slack",Introducing Ask a Female Engineer
-7.76205E+18,Inversion of Control Containers and the Dependency Injection pattern,The Java 8 API Design Principles,The hardest thing in computer science,Java 8 Streams - A Deeper Approach About Performance Improvement,Android Fundamentals: IntentService Basics,Android process death - and the (big) implications for your app - Inloop
1.99005E+18,Introducing Ask a Female Engineer,Ask a Female Engineer: Joining a Startup,Seniority,12 Agile principles,Code.org 2016 Annual Report,12 incredible women you've never heard of who changed science forever
5.32856E+18,Acquia Engage Awards Finalists Announced,Dries Buytaert,The 2017 Acquia Partners of the Year,"Acquia Releases Lightning for Drupal 8, Enabling Fast Starts for Digital Experience Deployments [July 19, 2016]",Acquia Engage 2016: Day One,Acquia a leader in the 2017 Forrester Wave for Web Content Management Systems | Dries Buytaert
-3.3873E+18,"Facebook lança Workplace, versão da rede social para empresas",Saiba como a Cisco está trabalhando com IoT e suas iniciativas para os empreendedores desse mercado - Startupi,Especialistas trazem tendências de UX para 2017 - KingHost,Banco Original discute tendências dos serviços financeiros e lança plataforma para desenvolvedores - Startupi,"Facebook terá ""Startup Garage"" dentro da maior incubadora do mundo",Facebook vai lançar sua nova rede social corporativa no mês que vem
5.42118E+16,Self-Learning AI: This New Neuro-Inspired Computer Trains Itself,Baidu Research grills AI models on deep learning,Google DeepMind researchers built a deep-learning system capable of learning from very little data.,Why Deep Learning Is Suddenly Changing Your Life,Stop Coding Machine Learning Algorithms From Scratch - Machine Learning Mastery,Top 10 Hot Artificial Intelligence (AI) Technologies
-5.84352E+18,A saga do jovem CEO da Dasa,"Reestruturada, Dasa vai abrir 50 pontos e negocia aquisições","Por dentro do Nubank, conheça os segredos da fintech mais festejada do país",Saiba como a Cisco está trabalhando com IoT e suas iniciativas para os empreendedores desse mercado - Startupi,"SINAIS do FUTURO imediato: #1, internet das coisas",Black Friday salva o ano do e-commerce
-7.46357E+18,Google's new translation software is almost as good as human translators,"A Neural Network for Machine Translation, at Production Scale",Why Deep Learning Is Suddenly Changing Your Life,"Google Cloud Machine Learning family grows with new API, editions and pricing","AI Pioneer Yoshua Bengio Is Launching Element.AI, a Deep-Learning Incubator",Rating the English Proficiency of Countries and Industries Around the World
5.05337E+18,Democratizing AI,Andrew Ng: What AI Can and Can't Do,Here's how The White House wants the U.S. to approach AI R&D,Top 10 Hot Artificial Intelligence (AI) Technologies,"Facebook, Amazon, Google, IBM and Microsoft come together to create historic Partnership on AI",The Competitive Landscape for Machine Intelligence
3.15191E+18,"Parece árvore, mas é uma turbina eólica",Especialistas trazem tendências de UX para 2017 - KingHost,"SINAIS do FUTURO imediato: #1, internet das coisas",Saiba como a Cisco está trabalhando com IoT e suas iniciativas para os empreendedores desse mercado - Startupi,A saga do jovem CEO da Dasa,O manual do deboísta corporativo
8.74837E+18,Voice Search Could Become Mainstream Within the Next 5 Years,7 Vital SEO Trends for Google Rankings in 2017 | Digital Current,Introducing Google Cloud Search: Bringing the power of Google Search to G Suite customers,Introducing Google Cloud Search: Bringing the power of Google Search to G Suite customers,Breaking: Apple's Search Ads go LIVE!,This 8-Page Website Generated Six-Figures in its First 8 Months - gaps
-8.9922E+18,15 Awesome Sublime Text Plugins For Web Development,15 Interesting JavaScript and CSS Libraries for October 2016,"The Languages, Frameworks and Tools You Should Learn in 2017",Command-line utilities,What to look for in a code review ,20 Awesome PHP Libraries For Early 2017
-5.82998E+18,"IoT Insurance: Trends in Home, Life & Auto Insurance Industries",Not Your Father's Insurance Industry - Insurance Thought Leadership,Top 10 Insurtech Trends for 2017 - Insurance Thought Leadership,Relating a Problem Definition to IoT Architecture | Intel® Software,"Largest botnet attack in history peaks at over 1 terabits per second, aided by Internet of Things",Accenture and Adboe team on customer enegagement
-3.04061E+18,Things you probably didn't know you could do with Chrome's Developer Console,Road to Polymer 2.0,"What do you mean by ""Event-Driven""?","Stream processing, Event sourcing, Reactive, CEP... and making sense of it all - Confluent",Communication Within an Android App With EventBus,Communication patterns in a Microservice world
6.19506E+18,Addressing Accessibility for the Web,My Approach to Mobile Accessibility Testing - Ministry of Testing,What to look for in a code review ,Can user-centered design steer you wrong?,The Complete Google Analytics Audit Checklist | Optimization Up,Engineering Digital Banking Solutions Using UX Methodology
8.28931E+18,"Have a Coke, take a photo and celebrate the Coke bottle's 100th anniversary using How-Old.net",How real businesses are using machine learning,How Coca-Cola Is Harvesting Innovation Energy From Startups,Machine Learning Is No Longer Just for Experts,Coca-Cola reportedly closes Founders startup incubator,Why Deep Learning Is Suddenly Changing Your Life
4.42841E+18,Introduction · Bitcoin para Programadores,Especialistas trazem tendências de UX para 2017 - KingHost,Black Friday salva o ano do e-commerce,O futuro das interfaces: Chatbots - Tableless,Desenvolvimento de Aplicativos Mobile com Xamarin -,Que novas oportunidades poderemos criar com Blockchain? - CIO
-8.68024E+18,"3 Industries That Will Be Transformed By AI, Machine Learning And Big Data In The Next Decade",The Competitive Landscape for Machine Intelligence,The Competitive Landscape for Machine Intelligence,Not Your Father's Insurance Industry - Insurance Thought Leadership,"Cross-industry innovations for agriculture | Deloitte Australia | Consumer & Industrial products, Technology",How CIOs Leverage Business Intelligence to Drive Smarter Decision-Making
-1.60942E+18,Comment: IBM's Apple deployment stats should be a lesson to enterprise companies everywhere,IBM now uses more Macs than any other company | Cult of Mac,"IBM deploying 1,300 Macs per week, Apple users need much less support than PC counterparts","Jamf conference: IBM cutting costs w/ largest enterprise Mac deployment, 100,000 by end of year",Introducing Docker for Windows Server 2016 - Docker Blog,"Apple &amp; IBM launch first 'MobileFirst for iOS' education app, IBM Watson Element"
-8.48071E+18,Announcing new storage classes for Google Cloud Storage: simplifying the storage and management of hot and cold data,Google Cloud Platform sets a course for new horizons,Google's Cloud Machine Learning service is now in public beta,8 must-see sessions for application developers at Google Cloud Next '17,"Google Cloud Machine Learning family grows with new API, editions and pricing",Amazon EBS Update - New Elastic Volumes Change Everything | AWS Blog
7.11996E+17,[eBook] Enxugando a máquina - Paulo Caroli,Lean IT is all about people - o Lean na TI é focado em pessoas,TI Bimodal? Receita para o desastre...,"SINAIS do FUTURO imediato: #1, internet das coisas",Saiba como a Cisco está trabalhando com IoT e suas iniciativas para os empreendedores desse mercado - Startupi,Especialistas trazem tendências de UX para 2017 - KingHost
1.05987E+18,[Event] CuboTalks,Especialistas trazem tendências de UX para 2017 - KingHost,TI Bimodal? Receita para o desastre...,A saga do jovem CEO da Dasa,Facebook vai lançar sua nova rede social corporativa no mês que vem,Black Friday salva o ano do e-commerce
2.72584E+18,Micro Profile JavaEE com Wildfly Swarm,Saiba como a Cisco está trabalhando com IoT e suas iniciativas para os empreendedores desse mercado - Startupi,Kotlin no Backend (Parte 2) :: Concrete Solutions,"SINAIS do FUTURO imediato: #1, internet das coisas",Usando o git add interativo,Novas frentes de trabalho da Alelo vão de ações de fidelidade a novos meios de pagamento
5.90107E+18,Comprar roupas está ficando fora de moda no Reino Unido,Black Friday salva o ano do e-commerce,"SINAIS do FUTURO imediato: #1, internet das coisas",Especialistas trazem tendências de UX para 2017 - KingHost,"Por dentro do Nubank, conheça os segredos da fintech mais festejada do país",Banco Original discute tendências dos serviços financeiros e lança plataforma para desenvolvedores - Startupi
-3.29573E+18,[1312.4645v4] A Bayesian Approach to Graphical Record Linkage and De-duplication,IBM Seeks to Simplify Graph with New Titan Service,Graph-powered Machine Learning at Google,[1612.00380] Playing Doom with SLAM-Augmented Deep Reinforcement Learning,Java 8 Streams - A Deeper Approach About Performance Improvement,Save time with Quick Access in Drive
1.5368E+18,Future Of Consulting: Consultancies Adapt To Digital Change,Banking Needs a Customer Experience Wake-Up Call,Indian outsourcing specialists must reboot their strategies,Where is the bank's digital vision? - Chris Skinner's blog,Five things to include in your digital transformation playbook,Cognizant Named a Digital Transformation Leader in the Life Science Industry
-9.08985E+18,Here's how The White House wants the U.S. to approach AI R&D,Andrew Ng: What AI Can and Can't Do,Top 10 Hot Artificial Intelligence (AI) Technologies,"Facebook, Amazon, Google, IBM and Microsoft come together to create historic Partnership on AI",Democratizing AI,Money 20/20 Panel: Artificial Intelligence and Machine Learning
4.16421E+18,VMware Cloud™ on AWS - A Closer Look - frankdenneman.nl,Google Cloud Platform sets a course for new horizons,"Docker - Build, Ship, and Run Any App, Anywhere",Google acquires Qwiklabs to teach developers cloud skills,Cloud Native Part 1: Definition,"Building A Modern, Scalable Backend: Modernizing Monolithic Applications"
7.50661E+18,Assessing Salesforce's platform and ecosystem | ZDNet,Salesforce adds some artificial intelligence to customer service products,Build Apps Faster with Salesforce - Webinar,Google Cloud Platform sets a course for new horizons,Webinar Salesforce - Best Practices for Advanced Lightning Apps,Digital Leadership Is Not an Optional Part of Being a CEO
8.85617E+18,Para inovar é preciso mais do que boas ideias - Startupi,O que é benchmarking? Veja quando um concorrente se torna inspiração!,Saiba como a Cisco está trabalhando com IoT e suas iniciativas para os empreendedores desse mercado - Startupi,"SINAIS do FUTURO imediato: #1, internet das coisas",25 Coisas que Você Devia Começar a Fazer Agora que Tem 25 anos,"Por dentro do Nubank, conheça os segredos da fintech mais festejada do país"
2.09609E+18,A publicidade sem ROI acaba de morrer: adapte-se ou junte-se a ela - Meio & Mensagem,Saiba como a Cisco está trabalhando com IoT e suas iniciativas para os empreendedores desse mercado - Startupi,Especialistas trazem tendências de UX para 2017 - KingHost,"SINAIS do FUTURO imediato: #1, internet das coisas","Por dentro do Nubank, conheça os segredos da fintech mais festejada do país",Para inovar é preciso mais do que boas ideias - Startupi
-7.66627E+18,"Como a inteligência artificial já muda mercados, da gastronomia ao petróleo - Startupi",Aplicações da Inteligência artificial | Endeavor Brasil,Especialistas trazem tendências de UX para 2017 - KingHost,Banco Original discute tendências dos serviços financeiros e lança plataforma para desenvolvedores - Startupi,Saiba como a Cisco está trabalhando com IoT e suas iniciativas para os empreendedores desse mercado - Startupi,"SINAIS do FUTURO imediato: #1, internet das coisas"
1.18432E+18,Ask a Female Engineer: Joining a Startup,Introducing Ask a Female Engineer,Seniority,12 Agile principles,Why do you Fail at Growth Marketing and How to Solve it,Coca-Cola reportedly closes Founders startup incubator
9.04581E+18,A trip to Google's New York City Pop-Up Shop,7 Vital SEO Trends for Google Rankings in 2017 | Digital Current,Google's Cloud Machine Learning service is now in public beta,"Google saves Allo conversations, a win for machine learning but a loss for privacy - Tech2",This 8-Page Website Generated Six-Figures in its First 8 Months - gaps,Google's new translation software is almost as good as human translators
-3.25896E+18,Sophia Genetics chega à América Latina para democratizar a Data-Driven Medicine,A saga do jovem CEO da Dasa,"Reestruturada, Dasa vai abrir 50 pontos e negocia aquisições",Dasa compra rede de laboratórios SalomãoZoppi,"""5G está para IoT como 4G esteve para o Smartphone"", saiba as apostas da Intel para 2017",Especialistas trazem tendências de UX para 2017 - KingHost
8.19586E+18,Client-side ranking to more efficiently show people stories in feed,Facebook now flags and down-ranks fake news with help from outside fact checkers,Renewing Medium's focus,Scrum Community - Scrum Alliance,Don't Waste Your Time on Networking Events,This 8-Page Website Generated Six-Figures in its First 8 Months - gaps
7.13811E+18,"[Hangout] StartSe promove hangout gratuito com Caio Poli, do Nubank; inscreva-se",Nubank se pronuncia sobre possibilidade de ser fechado e decisão do BC; leia na íntegra,"Por dentro do Nubank, conheça os segredos da fintech mais festejada do país",Como o Banco do Brasil está inovando e incentivando o intraempreendedorismo,Nubank pode fechar as portas se BC confirmar mudança amanhã,Nova regra do Banco Central pode significar o fim do Nubank; entenda - IDG Now!
1.85198E+18,PICNIC,O que é liderança? Liderança é fazer a diversidade funcionar.,"SINAIS do FUTURO imediato: #1, internet das coisas","""5G está para IoT como 4G esteve para o Smartphone"", saiba as apostas da Intel para 2017",Para inovar é preciso mais do que boas ideias - Startupi,O que é benchmarking? Veja quando um concorrente se torna inspiração!
-4.56108E+18,Build Apps Faster with Salesforce - Webinar,Webinar Salesforce - Best Practices for Advanced Lightning Apps,Assessing Salesforce's platform and ecosystem | ZDNet,Salesforce adds some artificial intelligence to customer service products,Salesforce Architect Journey,Adobe Announces Cross-Device Co-op to Enable People-Based Marketing
3.05814E+18,Now we know how profitable Microsoft's cloud business is -and investors should be happy,Adobe and Microsoft Partner in the Azure Cloud to Help Businesses Transform Customer Engagement,"Microsoft Is Now 'Open By Default', Says Xamarin Founder Miguel de Icaza",Google Cloud Platform sets a course for new horizons,Assessing Salesforce's platform and ecosystem | ZDNet,"Google Cloud Machine Learning family grows with new API, editions and pricing"
5.96789E+18,Today in Apple history: World prepares for the NeXT Computer | Cult of Mac,Today in Apple history: Steve Jobs passes away | Cult of Mac,Today in Apple history: Steve Jobs passes away | Cult of Mac,Today in Apple history: 'Here's to the crazy ones...' | Cult of Mac,Today in Apple history: iCloud takes our files and photos to the sky | Cult of Mac,"R.I.P. David Bunnell, founder of MacWorld | Cult of Mac"
-4.33396E+18,Why Programmers Want Private Offices,Live asynchronously.,9 Rules of Open-Office Etiquette,7 Tips to Create a Company Learning Culture like Google - Without Resources,"Just shut up and let your devs concentrate, advises Stack Overflow CEO Joel Spolsky","Facebook Workplace officially launches on the web and iOS, set to compete head-on with Slack"
-1.52569E+18,Introducing JIRA Software for iPhone,[Tools] See how the JIRA Portfolio team uses JIRA Portfolio,Jira - A Necessary Evil?,4 essential how-tos for dealing with scope creep,12 Agile principles,Machine Learning Is No Longer Just for Experts
-4.58222E+18,Replace Lego's $190 Intelligent Brick with MIT's Scratch and a $40 Raspberry Pi,Mastering Bash and Terminal,The new 64-bit Orange Pi is a quad-core computer for $20,Home-Made Twitter and Gmail Notifications with PHP and Arduino,Command-line utilities,Asus ready to take bite of 'Pi' market with Tinker micro PC
9.20989E+18,Web Share API,25 Coisas que Você Devia Começar a Fazer Agora que Tem 25 anos,O que é benchmarking? Veja quando um concorrente se torna inspiração!,O futuro das interfaces: Chatbots - Tableless,"SINAIS do FUTURO imediato: #1, internet das coisas",Saiba como a Cisco está trabalhando com IoT e suas iniciativas para os empreendedores desse mercado - Startupi
-5.23174E+18,Google Tag Manager: Giving Mobile Tagging a Little Extra Love,What Google AMP Means for Every Marketer,7 Vital SEO Trends for Google Rankings in 2017 | Digital Current,The Complete Google Analytics Audit Checklist | Optimization Up,8 must-see sessions for application developers at Google Cloud Next '17,Tracking Multiple Categories in Google Analytics for Content Pages - E-Nor | Google Analytics Blog
-8.95435E+18,The technology behind preview photos,Optimizing the Performance of Vector Drawables - upday devs,New Amazon Linux Container Image for Cloud and On-Premises Workloads,Introducing the Open Images Dataset,ŷhat | Classifying handwritten digits using TensorFlow,"Front-End Performance Checklist 2017 (PDF, Apple Pages) - Smashing Magazine"
2.53145E+18,"Where, how much, and how: Answering the hardest questions of resource allocation",Centrally manage all your Google Cloud resources with Cloud Resource Manager,The new tech talent you need to succeed in digital,The Ultimate Solution to Versioning REST APIs: Content Negotiation,3 Pillars of the Most Successful Tech Products,Why do you Fail at Growth Marketing and How to Solve it
-6.5116E+18,"Apple sends out invites for an October 27th event, hints that new Macs are coming",Today in Apple history: 'Here's to the crazy ones...' | Cult of Mac,IBM now uses more Macs than any other company | Cult of Mac,Apple Invites Media to 'Hello Again' October 27th Mac-Centric Event,"Jamf conference: IBM cutting costs w/ largest enterprise Mac deployment, 100,000 by end of year",Today in Apple history: OS X Panther claws its way onto Macs | Cult of Mac
6.89287E+18,Adobe Announces Cross-Device Co-op to Enable People-Based Marketing,Adobe and Microsoft Partner in the Azure Cloud to Help Businesses Transform Customer Engagement,Accenture and Adboe team on customer enegagement,We are on the verge of a consumer M&A avalanche,Large CPGs are under attack by startups... and consumers are winning,The Sweet Way that Gamification Helps M&M's Boost Consumer Engagement - Gamification Co
2.64299E+18,Smartwatch sales are tanking,Review: Apple Watch Series 2 | MacMagazine.com.br,Taking the Apple Watch Nike+ for a spin,Today in Apple history: 'Here's to the crazy ones...' | Cult of Mac,Today in Apple history: iCloud takes our files and photos to the sky | Cult of Mac,Apple Has Created 'Detailed Mockups' of iMessage for Android
7.17445E+18,The Agile Design Team Maturity Scale | UX Magazine,12 Agile principles,Time to Re-Think Design Thinking,Moving the Drupal 8 workflow initiative along,Ask a Female Engineer: Joining a Startup,10 principles of business transformation
-3.07173E+18,Qual é a real diferença entre Data Storytelling e análise de dados? - CIO,Especialistas trazem tendências de UX para 2017 - KingHost,Gestão de Dados: 10 questões básicas sobre seu uso,O que é benchmarking? Veja quando um concorrente se torna inspiração!,CRO: crescimento com baixo investimento,Saiba como a Cisco está trabalhando com IoT e suas iniciativas para os empreendedores desse mercado - Startupi
-8.58264E+18,Apple Has Created 'Detailed Mockups' of iMessage for Android,Today in Apple history: 'Here's to the crazy ones...' | Cult of Mac,Support Ended for Eclipse Android Developer Tools,Today in Apple history: iCloud takes our files and photos to the sky | Cult of Mac,"Apple &amp; IBM launch first 'MobileFirst for iOS' education app, IBM Watson Element",Today in Apple history: Steve Jobs passes away | Cult of Mac
6.04974E+18,Review: Apple Watch Series 2 | MacMagazine.com.br,"SINAIS do FUTURO imediato: #1, internet das coisas","Por dentro do Nubank, conheça os segredos da fintech mais festejada do país",25 Coisas que Você Devia Começar a Fazer Agora que Tem 25 anos,Saiba como a Cisco está trabalhando com IoT e suas iniciativas para os empreendedores desse mercado - Startupi,O que é benchmarking? Veja quando um concorrente se torna inspiração!
-1.24398E+18,Today in Apple history: OS X Panther claws its way onto Macs | Cult of Mac,Today in Apple history: 'Here's to the crazy ones...' | Cult of Mac,Comment: IBM's Apple deployment stats should be a lesson to enterprise companies everywhere,IBM now uses more Macs than any other company | Cult of Mac,Today in Apple history: iCloud takes our files and photos to the sky | Cult of Mac,"Jamf conference: IBM cutting costs w/ largest enterprise Mac deployment, 100,000 by end of year"
-6.11962E+18,Google Jamboard Is a Huge 4K Screen You Can Scribble On,"[Situation Wall] Jamboard - the whiteboard, reimagined for collaboration in the cloud",Google's Cloud Machine Learning service is now in public beta,7 Vital SEO Trends for Google Rankings in 2017 | Digital Current,8 must-see sessions for application developers at Google Cloud Next '17,4K movies come to the Google Play Movies & TV app
-1.17309E+18,AI can learn from data without ever having access to it,"Apple &amp; IBM launch first 'MobileFirst for iOS' education app, IBM Watson Element",Here's how The White House wants the U.S. to approach AI R&D,Andrew Ng: What AI Can and Can't Do,"AI Pioneer Yoshua Bengio Is Launching Element.AI, a Deep-Learning Incubator",Stop Coding Machine Learning Algorithms From Scratch - Machine Learning Mastery
5.77989E+18,25 Coisas que Você Devia Começar a Fazer Agora que Tem 25 anos,O que é benchmarking? Veja quando um concorrente se torna inspiração!,"SINAIS do FUTURO imediato: #1, internet das coisas",Saiba como a Cisco está trabalhando com IoT e suas iniciativas para os empreendedores desse mercado - Startupi,O futuro das interfaces: Chatbots - Tableless,O manual do deboísta corporativo
5.27121E+18,9 Rules of Open-Office Etiquette,Live asynchronously.,Why Programmers Want Private Offices,6 New Tech Gadgets That Will Simplify Your Life in 2017,Seniority,Ask a Female Engineer: Joining a Startup
-3.06012E+18,Where is the bank's digital vision? - Chris Skinner's blog,Five things to include in your digital transformation playbook,Digital Tool as Strategic Enabler for Banking Transformation,Digital Leadership Is Not an Optional Part of Being a CEO,Rewiring Citi for the digital age,The new tech talent you need to succeed in digital
-4.30953E+18,Improvements coming to the Google Analytics desktop UI,The Complete Google Analytics Audit Checklist | Optimization Up,Tracking Multiple Categories in Google Analytics for Content Pages - E-Nor | Google Analytics Blog,Gartner Reprint,Google lança novos recursos para o Analytics,Lessons from Becoming a Data-Driven Organization
-6.59006E+18,Kotlin no Backend (Parte 2) :: Concrete Solutions,Lessons from converting an app to 100% Kotlin - Keepsafe Engineering,Introducing Kotlin support in Spring Framework 5.0,"Kotlin in Production - What works, Whats broken",Micro Profile JavaEE com Wildfly Swarm,"SINAIS do FUTURO imediato: #1, internet das coisas"
-4.8932E+18,The cynical bankers' trick: show me the money - Chris Skinner's blog,Where is the bank's digital vision? - Chris Skinner's blog,Rewiring Citi for the digital age,Five things to include in your digital transformation playbook,"Amazon looking to buy Capital One? "" Banking Technology",Digital Tool as Strategic Enabler for Banking Transformation
6.89217E+18,"Apple &amp; IBM launch first 'MobileFirst for iOS' education app, IBM Watson Element","IBM deploying 1,300 Macs per week, Apple users need much less support than PC counterparts",IBM now uses more Macs than any other company | Cult of Mac,"Jamf conference: IBM cutting costs w/ largest enterprise Mac deployment, 100,000 by end of year",AI can learn from data without ever having access to it,Code.org 2016 Annual Report
-2.35864E+18,Apple Invites Media to 'Hello Again' October 27th Mac-Centric Event,New MacBook Pro is not a Laptop for Developers Anymore,Today in Apple history: 'Here's to the crazy ones...' | Cult of Mac,"Apple sends out invites for an October 27th event, hints that new Macs are coming","Jamf conference: IBM cutting costs w/ largest enterprise Mac deployment, 100,000 by end of year",IBM now uses more Macs than any other company | Cult of Mac
-3.07343E+18,Pesquisa do Google mostra a influência do digital no varejo brasileiro | Google Discovery,Black Friday salva o ano do e-commerce,Alibaba quebra recorde de vendas no Dia dos Solteiros - e-commerce,Citroën lança e-commerce de carros,Seguradoras divulgam resultados de 2016 - Apólice,Comprar roupas está ficando fora de moda no Reino Unido
7.81486E+18,New MacBook Pro is not a Laptop for Developers Anymore,Apple Invites Media to 'Hello Again' October 27th Mac-Centric Event,Today in Apple history: 'Here's to the crazy ones...' | Cult of Mac,Chip Pro sequel to crowdsourced $9 computer sets its sights on gadget makers,Introducing Docker for Windows Server 2016 - Docker Blog,Today in Apple history: OS X Panther claws its way onto Macs | Cult of Mac
-7.38804E+18,Load Testing Our Site on Pantheon (Drupalize.me),What to look for in a code review ,Speed Up a WordPress Website in 8 Steps,The Complete Google Analytics Audit Checklist | Optimization Up,"Front-End Performance Checklist 2017 (PDF, Apple Pages) - Smashing Magazine",13 Killer SEO Copywriting Tips (With Examples and A/B Tests)
8.94625E+18,Today in Apple history: iCloud takes our files and photos to the sky | Cult of Mac,Today in Apple history: 'Here's to the crazy ones...' | Cult of Mac,Today in Apple history: Steve Jobs passes away | Cult of Mac,Today in Apple history: Steve Jobs passes away | Cult of Mac,Today in Apple history: World prepares for the NeXT Computer | Cult of Mac,Apple Has Created 'Detailed Mockups' of iMessage for Android
4.70064E+18,The Original iPod Turns 15 Years Old,Today in Apple history: 'Here's to the crazy ones...' | Cult of Mac,Today in Apple history: iCloud takes our files and photos to the sky | Cult of Mac,Today in Apple history: Steve Jobs passes away | Cult of Mac,Today in Apple history: Steve Jobs passes away | Cult of Mac,Apple Has Created 'Detailed Mockups' of iMessage for Android
6.98517E+18,Free Online IDE and Terminal,Command-line utilities,Introducing the IBM Bluemix Garage Method Field Guide - Bluemix Blog,Mastering Bash and Terminal,Six iconic retailers and their digital transformation journeys,Google Cloud Platform sets a course for new horizons
4.81563E+18,"Por dentro do Nubank, conheça os segredos da fintech mais festejada do país","SINAIS do FUTURO imediato: #1, internet das coisas",A saga do jovem CEO da Dasa,Banco Original discute tendências dos serviços financeiros e lança plataforma para desenvolvedores - Startupi,Nubank se pronuncia sobre possibilidade de ser fechado e decisão do BC; leia na íntegra,Saiba como a Cisco está trabalhando com IoT e suas iniciativas para os empreendedores desse mercado - Startupi
-7.86679E+16,Build Quality In: The Key to Continuous Delivery in Kanban,10 principles of business transformation,12 Agile principles,Standing on the Shoulders of Giants - Built to Adapt,The new tech talent you need to succeed in digital,What Happens When No One and Everyone Owns a Product? - Built to Adapt
3.26271E+18,On Orchestrated Microservices - Built to Adapt,Standing on the Shoulders of Giants - Built to Adapt,Java Microservices: The Cake is a Lie but You Can't Ignore It | Takipi Blog,Using Microservices Architecture as API Enablement Strategy,Cloud Native Part 1: Definition,12 Agile principles
-8.60606E+18,"Kotlin in Production - What works, Whats broken",Lessons from converting an app to 100% Kotlin - Keepsafe Engineering,Introducing Kotlin support in Spring Framework 5.0,How Kotlin became our primary language for Android - UPTech Team,"A Geospatial Messenger with Kotlin, Spring Boot and PostgreSQL",Kotlin no Backend (Parte 2) :: Concrete Solutions
-4.83131E+18,Standing on the Shoulders of Giants - Built to Adapt,Java Microservices: The Cake is a Lie but You Can't Ignore It | Takipi Blog,Using Microservices Architecture as API Enablement Strategy,12 Agile principles,On Orchestrated Microservices - Built to Adapt,Cloud Native Part 1: Definition
7.2027E+18,Combining Spring Boot and JDBI,Spring Boot 1.5.1 released,"A Geospatial Messenger with Kotlin, Spring Boot and PostgreSQL",Java Microservices: The Cake is a Lie but You Can't Ignore It | Takipi Blog,Introducing Kotlin support in Spring Framework 5.0,Inversion of Control Containers and the Dependency Injection pattern
6.79749E+18,ŷhat | Classifying handwritten digits using TensorFlow,TensorFlow Tutorial- Part 1,Celebrating TensorFlow's First Year,"Practical advice for analysis of large, complex data sets",What to look for in a code review ,Introducing the Open Images Dataset
-6.57909E+18,"Who Owns Digital Transformation? According To A New Survey, It's Not The CIO",Banking Needs a Customer Experience Wake-Up Call,Five things to include in your digital transformation playbook,Cognizant Named a Digital Transformation Leader in the Life Science Industry,Digital Tool as Strategic Enabler for Banking Transformation,"Razorfish, US digital revenues, drag down Publicis"
2.54331E+18,Lessons from converting an app to 100% Kotlin - Keepsafe Engineering,"Kotlin in Production - What works, Whats broken",Introducing Kotlin support in Spring Framework 5.0,How Kotlin became our primary language for Android - UPTech Team,"A Geospatial Messenger with Kotlin, Spring Boot and PostgreSQL",Kotlin no Backend (Parte 2) :: Concrete Solutions
-6.53753E+18,"Just shut up and let your devs concentrate, advises Stack Overflow CEO Joel Spolsky",Why Programmers Want Private Offices,What's the Best Programming Language to Learn in 2017?,Seniority,Introducing Ask a Female Engineer,"Microsoft Is Now 'Open By Default', Says Xamarin Founder Miguel de Icaza"
1.64975E+18,Four Node.js Gotchas that Operations Teams Should Know about - The New Stack,Node.js Best Practices - How to Become a Better Developer in 2017 | @RisingStack,"The Languages, Frameworks and Tools You Should Learn in 2017",Hype Driven Development,Hype Driven Development,"Onion Creates a $5 Linux Computer with Wi-Fi, Designed for IoT Applications"
-2.94054E+18,TensorFlow Tutorial- Part 1,Celebrating TensorFlow's First Year,ŷhat | Classifying handwritten digits using TensorFlow,Baidu Research grills AI models on deep learning,Machine Learning Is No Longer Just for Experts,The Competitive Landscape for Machine Intelligence
-3.30741E+18,An Overly Thorough Guide To Underused Android Libraries,Don't document your code. Code your documentation.,What to look for in a code review ,The hardest thing in computer science,Java 8 Streams - A Deeper Approach About Performance Improvement,Seniority
-2.44055E+18,Money 20/20 Panel: Artificial Intelligence and Machine Learning,Andrew Ng: What AI Can and Can't Do,Here's how The White House wants the U.S. to approach AI R&D,Top 10 Hot Artificial Intelligence (AI) Technologies,Democratizing AI,4 Blockchain Macro Trends: Where to Place Your Bets
-8.65742E+18,WebAssembly Browser Preview,Four Node.js Gotchas that Operations Teams Should Know about - The New Stack,"The Languages, Frameworks and Tools You Should Learn in 2017",Node.js Best Practices - How to Become a Better Developer in 2017 | @RisingStack,Browser Trends December 2016: Mobile Overtakes Desktop,Now sites can fingerprint you online even when you use multiple browsers
-8.61501E+18,Restb.ai: Why custom computer vision as a service makes sense | ZDNet,Why Deep Learning Is Suddenly Changing Your Life,Google DeepMind researchers built a deep-learning system capable of learning from very little data.,Introducing the Open Images Dataset,The Competitive Landscape for Machine Intelligence,The Competitive Landscape for Machine Intelligence
5.84704E+18,Elastic Stack 5.0.0 Released,A Data Engineer's Guide To Non-Traditional Data Storages,"The Languages, Frameworks and Tools You Should Learn in 2017",The Mobile Growth Stack: 2017 Edition - Mobile Growth Stack,What's the Best Programming Language to Learn in 2017?,Four Node.js Gotchas that Operations Teams Should Know about - The New Stack
6.1873E+18,GPU Acceleration in Databricks,Baidu Research grills AI models on deep learning,Machine Learning Is No Longer Just for Experts,Why Deep Learning Is Suddenly Changing Your Life,Microsoft adds Python to deep learning toolkit,"Google Cloud Machine Learning family grows with new API, editions and pricing"
-5.63714E+18,"AI Pioneer Yoshua Bengio Is Launching Element.AI, a Deep-Learning Incubator",Why Deep Learning Is Suddenly Changing Your Life,Baidu Research grills AI models on deep learning,Andrew Ng: What AI Can and Can't Do,Here's how The White House wants the U.S. to approach AI R&D,Machine Learning Is No Longer Just for Experts
-7.13893E+17,"IBM deploying 1,300 Macs per week, Apple users need much less support than PC counterparts",IBM now uses more Macs than any other company | Cult of Mac,"Jamf conference: IBM cutting costs w/ largest enterprise Mac deployment, 100,000 by end of year",Comment: IBM's Apple deployment stats should be a lesson to enterprise companies everywhere,"Apple &amp; IBM launch first 'MobileFirst for iOS' education app, IBM Watson Element",IBM Seeks to Simplify Graph with New Titan Service
-2.85522E+18,Support Ended for Eclipse Android Developer Tools,"Google anuncia Android Things, plataforma para a Internet das Coisas | Google Discovery",My experience with Google's Associate Android Developer Certification,Announcing updates to Google's Internet of Things platform: Android Things and Weave,Apple Has Created 'Detailed Mockups' of iMessage for Android,Expanding our IDE support with a new Eclipse plugin for App Engine
2.10656E+18,"Applying the Linus Torvalds ""Good Taste"" Coding Requirement",Java 8 Streams - A Deeper Approach About Performance Improvement,Don't document your code. Code your documentation.,What to look for in a code review ,The hardest thing in computer science,An Overly Thorough Guide To Underused Android Libraries
3.46513E+18,Hubble Contacts raises $7.2 million to deliver disposable lenses direct to consumers,Large CPGs are under attack by startups... and consumers are winning,Oculus acquires eye-tracking startup The Eye Tribe,Ask a Female Engineer: Joining a Startup,Six iconic retailers and their digital transformation journeys,3 Pillars of the Most Successful Tech Products
4.78082E+18,Introducing Google Cloud Shell's new code editor,How to use Docker to run ASP.NET Core apps on Google App Engine,8 must-see sessions for application developers at Google Cloud Next '17,Expanding our IDE support with a new Eclipse plugin for App Engine,[PayPal] Postos Shell adotam pagamento no smartphone,Google Cloud Platform sets a course for new horizons
-5.01171E+18,"Vale reverte prejuízo e tem lucro de R$ 1,8 bilhão no 3º trimestre","Vale reverte prejuízo e tem lucro de R$ 1,8 bilhão no 3º trimestre",Seguradoras divulgam resultados de 2016 - Apólice,"Santander Brasil tem lucro gerencial de R$ 1,989 bi no 4º trimestre",Santander Brasil gera 21% do resultado da matriz no 4º trimestre,Dasa multiplica lucro em 6 vezes no terceiro trimestre
5.2586E+18,Machine Learning Is No Longer Just for Experts,How real businesses are using machine learning,Stop Coding Machine Learning Algorithms From Scratch - Machine Learning Mastery,The Best Advice From Quora on 'How to Learn Machine Learning',Google's Cloud Machine Learning service is now in public beta,"Google Cloud Machine Learning family grows with new API, editions and pricing"
3.93735E+17,"Vale reverte prejuízo e tem lucro de R$ 1,8 bilhão no 3º trimestre","Vale reverte prejuízo e tem lucro de R$ 1,8 bilhão no 3º trimestre",Seguradoras divulgam resultados de 2016 - Apólice,"Santander Brasil tem lucro gerencial de R$ 1,989 bi no 4º trimestre",Santander Brasil gera 21% do resultado da matriz no 4º trimestre,Dasa multiplica lucro em 6 vezes no terceiro trimestre
6.66903E+18,IBM Watson is about to make Slack's chat bot smarter,Slack and Google announce partnership focused on better integrating their services,Building on Slack Saved Our Startup,Slack swips at Skype with video calls and reaction emoji,"Facebook Workplace officially launches on the web and iOS, set to compete head-on with Slack",How the Communicator's Dilemma Made a 'Slack-lash' Inevitable
4.86969E+18,"R.I.P. David Bunnell, founder of MacWorld | Cult of Mac",Today in Apple history: Steve Jobs passes away | Cult of Mac,Today in Apple history: Steve Jobs passes away | Cult of Mac,Today in Apple history: World prepares for the NeXT Computer | Cult of Mac,Today in Apple history: 'Here's to the crazy ones...' | Cult of Mac,Today in Apple history: iCloud takes our files and photos to the sky | Cult of Mac
2.84737E+18,IBM now uses more Macs than any other company | Cult of Mac,"IBM deploying 1,300 Macs per week, Apple users need much less support than PC counterparts","Jamf conference: IBM cutting costs w/ largest enterprise Mac deployment, 100,000 by end of year",Comment: IBM's Apple deployment stats should be a lesson to enterprise companies everywhere,"Apple &amp; IBM launch first 'MobileFirst for iOS' education app, IBM Watson Element",IBM Seeks to Simplify Graph with New Titan Service
-2.13974E+18,"Jamf conference: IBM cutting costs w/ largest enterprise Mac deployment, 100,000 by end of year","IBM deploying 1,300 Macs per week, Apple users need much less support than PC counterparts",IBM now uses more Macs than any other company | Cult of Mac,Comment: IBM's Apple deployment stats should be a lesson to enterprise companies everywhere,"Apple &amp; IBM launch first 'MobileFirst for iOS' education app, IBM Watson Element",IBM Seeks to Simplify Graph with New Titan Service
7.92674E+18,The Ultimate Guide to SEO Reporting: Starting with the Basics,13 Killer SEO Copywriting Tips (With Examples and A/B Tests),7 Vital SEO Trends for Google Rankings in 2017 | Digital Current,This 8-Page Website Generated Six-Figures in its First 8 Months - gaps,The Complete Google Analytics Audit Checklist | Optimization Up,Introducing Google Cloud Search: Bringing the power of Google Search to G Suite customers
7.34539E+18,Introducing the IBM Bluemix Garage Method Field Guide - Bluemix Blog,IBM Seeks to Simplify Graph with New Titan Service,"IBM deploying 1,300 Macs per week, Apple users need much less support than PC counterparts",IBM Watson is about to make Slack's chat bot smarter,8 must-see sessions for application developers at Google Cloud Next '17,Google Cloud Platform sets a course for new horizons
3.03265E+18,Fusão de startups cria uma das maiores de tecnologia em saúde do Brasil,Transformação digital na Saúde: 3 pilares que devem ser reinventados - Saúde Business,Como a tecnologia está mudando o atendimento hospitalar,"SulAmérica continua investindo, apesar da crise - Sonho Seguro",A saga do jovem CEO da Dasa,Especialistas trazem tendências de UX para 2017 - KingHost
2.31408E+18,Enterprise Open Source Programs Flourish -- In Tech and Elsewhere,Sharing innovation with your competitors - Dries Buytaert,"Microsoft Is Now 'Open By Default', Says Xamarin Founder Miguel de Icaza",How to move an entire government to a new digital platform - Dries Buytaert,Dries Buytaert,"The Languages, Frameworks and Tools You Should Learn in 2017"
1.64279E+18,Dasa compra maior rede de laboratórios do Nordeste,"Dasa anuncia compra do laboratório Leme, da Bahia",Dasa compra rede de laboratórios SalomãoZoppi,A saga do jovem CEO da Dasa,"Reestruturada, Dasa vai abrir 50 pontos e negocia aquisições",O IPO é a saída para a Netshoes?
6.59122E+18,Analyzing 50k fonts using deep neural networks,"Front-End Performance Checklist 2017 (PDF, Apple Pages) - Smashing Magazine",Optimizing the Performance of Vector Drawables - upday devs,ŷhat | Classifying handwritten digits using TensorFlow,Demystifying Docker overlay networking,15 Interesting JavaScript and CSS Libraries for October 2016
-7.9096E+17,"Microsoft lança Teams, nova plataforma de chat concorrente do Slack | MacMagazine.com.br","Microsoft anuncia Visual Studio para Mac, disponível ainda nesta semana | MacMagazine.com.br",Especialistas trazem tendências de UX para 2017 - KingHost,"SINAIS do FUTURO imediato: #1, internet das coisas",Saiba como a Cisco está trabalhando com IoT e suas iniciativas para os empreendedores desse mercado - Startupi,O que é benchmarking? Veja quando um concorrente se torna inspiração!
-9.05611E+18,Acquia Engage 2016: Day One,Dries Buytaert,"Acquia Releases Lightning for Drupal 8, Enabling Fast Starts for Digital Experience Deployments [July 19, 2016]",Acquia Engage Awards Finalists Announced,6. What can Acquia and the community do now regarding Drupal and ecommerce?,Acquia a leader in the 2017 Forrester Wave for Web Content Management Systems | Dries Buytaert
-4.98796E+17,"Use Gulp for Drupal 8 with Teams, Part 1: Gulp Setup",Gmail API: New endpoints for settings,The Ultimate Digital Clean-Up Checklist: Are You Prepared For The New Year? - Smashing Magazine,Four Node.js Gotchas that Operations Teams Should Know about - The New Stack,Drupal 8 is 1 Year Old (AND YOU GET A PRIZE!),Node.js Best Practices - How to Become a Better Developer in 2017 | @RisingStack
-6.64275E+18,What to look for in a code review ,Don't document your code. Code your documentation.,The hardest thing in computer science,12 Agile principles,Seniority,Java 8 Streams - A Deeper Approach About Performance Improvement
6.0341E+18,Evaluating the Chinese Developer Community,Drupal 8 is 1 Year Old (AND YOU GET A PRIZE!),Dries Distributions remain a growing opportunity for Drupal - Buytaert,The investment case for employing a Drupal core contributor - Dries Buytaert,0. The case for Drupal and Commerce,3. The case for Drupal and SaaS
6.65848E+18,1º Fórum Sercomtel de IOT e Smart Cities será realizado no dia 4 de Novembro - Blog - Bonde. O seu portal,SAMSUNG OCEAN - Novas turmas de treinamento de 2017 - Embarcados,Saiba como a Cisco está trabalhando com IoT e suas iniciativas para os empreendedores desse mercado - Startupi,"IBM e Visa transformam automóveis, eletrodomésticos e outros dispositivos conectados em potenciais pontos de vendas",Relating a Problem Definition to IoT Architecture | Intel® Software,Plano Nacional de IoT chega em março com parceria entre MCTIC e BNDES
-9.1139E+16,Drupal 8 CI/CD with Docker via Jenkins. Part 1: Integration,"Use Docker to build, test and push your Artifacts",Testing a new Drupal 8 installation with 2 Docker commands,"Docker - Build, Ship, and Run Any App, Anywhere",Labelling automated builds on Docker Hub - Microscaling Systems,Introducing Docker for Windows Server 2016 - Docker Blog
2.39923E+18,The Competitive Landscape for Machine Intelligence,The Competitive Landscape for Machine Intelligence,How real businesses are using machine learning,Machine Learning Is No Longer Just for Experts,The Non-Technical Guide to Machine Learning & Artificial Intelligence - Machine Learnings,How CIOs Leverage Business Intelligence to Drive Smarter Decision-Making
-3.75125E+18,Google DeepMind researchers built a deep-learning system capable of learning from very little data.,Why Deep Learning Is Suddenly Changing Your Life,Machine Learning Is No Longer Just for Experts,What DeepMind brings to Alphabet,"AI Pioneer Yoshua Bengio Is Launching Element.AI, a Deep-Learning Incubator",Stop Coding Machine Learning Algorithms From Scratch - Machine Learning Mastery
7.4018E+18,"[Techniques] Será que você está fazendo ""brainstorm"" da forma correta? - Blog Locaweb - Notícias sobre tecnologia, programação e muito mais.",Saiba como a Cisco está trabalhando com IoT e suas iniciativas para os empreendedores desse mercado - Startupi,O que é benchmarking? Veja quando um concorrente se torna inspiração!,A publicidade sem ROI acaba de morrer: adapte-se ou junte-se a ela - Meio & Mensagem,"Por dentro do Nubank, conheça os segredos da fintech mais festejada do país",O manual do deboísta corporativo
-8.7816E+18,"Primeira cidade inteligente brasileira, equipada com sensores, sistemas e soluções digitais, será desenvolvida por startup - Startupi",Saiba como a Cisco está trabalhando com IoT e suas iniciativas para os empreendedores desse mercado - Startupi,"""5G está para IoT como 4G esteve para o Smartphone"", saiba as apostas da Intel para 2017",A saga do jovem CEO da Dasa,Especialistas trazem tendências de UX para 2017 - KingHost,"SINAIS do FUTURO imediato: #1, internet das coisas"
4.5327E+18,What Happens When No One and Everyone Owns a Product? - Built to Adapt,12 Agile principles,Building on Slack Saved Our Startup,Why do you Fail at Growth Marketing and How to Solve it,New Early Adopter Programs: Team Drives and a new Hangouts video meetings experience,The new tech talent you need to succeed in digital
-7.73225E+18,Taking the Apple Watch Nike+ for a spin,Review: Apple Watch Series 2 | MacMagazine.com.br,Smartwatch sales are tanking,Your health insurance might score you an Apple Watch,Today in Apple history: 'Here's to the crazy ones...' | Cult of Mac,How AI helps marketers tell better stories
-6.5644E+18,Twitter is shutting down Vine,Building on Slack Saved Our Startup,Google's Firebase Team Picks Up Twitter's Fabric,Home-Made Twitter and Gmail Notifications with PHP and Arduino,3 Pillars of the Most Successful Tech Products,Hulu Acquires Recommendation Startup Video Genome Project
-4.2056E+18,Uber se prepara para lançar serviço de delivery no Brasil,Saiba como a Cisco está trabalhando com IoT e suas iniciativas para os empreendedores desse mercado - Startupi,"""5G está para IoT como 4G esteve para o Smartphone"", saiba as apostas da Intel para 2017",Banco Original discute tendências dos serviços financeiros e lança plataforma para desenvolvedores - Startupi,Como o Banco do Brasil está inovando e incentivando o intraempreendedorismo,Como a Netshoes se preparou para a Black Friday deste ano
3.38509E+18,Captain Fantastic (2016),All Together Now. Introducing G Suite.,Digitization and The Loss of Iconography - Posted by SYPartners,"Little girls doubt that women can be brilliant, study shows",trendwatching.com | 5 Trends for 2017 | TrendWatching,7. What's in this for me?
-5.72992E+18,"A Geospatial Messenger with Kotlin, Spring Boot and PostgreSQL",Introducing Kotlin support in Spring Framework 5.0,Lessons from converting an app to 100% Kotlin - Keepsafe Engineering,"Kotlin in Production - What works, Whats broken",How Kotlin became our primary language for Android - UPTech Team,Combining Spring Boot and JDBI
8.76912E+18,Susep divulga nota de esclarecimento sobre a Youse Seguros,CNseg anuncia os finalistas da 6ª edição do Prêmio de Inovação em Seguros - Sonho Seguro,"SulAmérica continua investindo, apesar da crise - Sonho Seguro",Seguradoras divulgam resultados de 2016 - Apólice,Black Friday salva o ano do e-commerce,CRO: crescimento com baixo investimento
6.94786E+18,Java Microservices: The Cake is a Lie but You Can't Ignore It | Takipi Blog,Using Microservices Architecture as API Enablement Strategy,Standing on the Shoulders of Giants - Built to Adapt,Combining Spring Boot and JDBI,Building Event-driven Microservices Using CQRS and Serverless,Java 8 Streams - A Deeper Approach About Performance Improvement
2.44156E+18,Google tag manager Workspaces - Como funciona?,25 Coisas que Você Devia Começar a Fazer Agora que Tem 25 anos,"SINAIS do FUTURO imediato: #1, internet das coisas",Como o Trello foi de 4 a 17 milhões de usuários,"Por dentro do Nubank, conheça os segredos da fintech mais festejada do país",O que é benchmarking? Veja quando um concorrente se torna inspiração!
-4.2707E+18,Slack CEO Stewart Butterfield on the Future of Communication,How the Communicator's Dilemma Made a 'Slack-lash' Inevitable,Seniority,Live asynchronously.,Life Beyond Email: Chatbot Marketing,Building on Slack Saved Our Startup
7.22931E+17,Serasa Experian realiza hackathon com prêmios de até R$10 mil - Startupi,"SulAmérica continua investindo, apesar da crise - Sonho Seguro",Banco Original discute tendências dos serviços financeiros e lança plataforma para desenvolvedores - Startupi,Black Friday salva o ano do e-commerce,Especialistas trazem tendências de UX para 2017 - KingHost,"""5G está para IoT como 4G esteve para o Smartphone"", saiba as apostas da Intel para 2017"
1.11575E+18,O que é benchmarking? Veja quando um concorrente se torna inspiração!,"SINAIS do FUTURO imediato: #1, internet das coisas",25 Coisas que Você Devia Começar a Fazer Agora que Tem 25 anos,Saiba como a Cisco está trabalhando com IoT e suas iniciativas para os empreendedores desse mercado - Startupi,Para inovar é preciso mais do que boas ideias - Startupi,O manual do deboísta corporativo
8.34084E+18,Microsoft adds Python to deep learning toolkit,Why Deep Learning Is Suddenly Changing Your Life,Baidu Research grills AI models on deep learning,"AI Pioneer Yoshua Bengio Is Launching Element.AI, a Deep-Learning Incubator",Democratizing AI,"Microsoft Is Now 'Open By Default', Says Xamarin Founder Miguel de Icaza"
1.11746E+18,Visa anuncia plataforma para pagamentos B2B internacionais com tecnologia blockchain - Startupi,Visa inaugura Co-Creation Center em São Paulo,"IBM e Visa transformam automóveis, eletrodomésticos e outros dispositivos conectados em potenciais pontos de vendas",Primeiro chatbot do varejo brasileiro no Facebook Messenger já está funcionando - Startupi,Google e GFT firmam parceria para testes com foco em blockchain - Startupi,Banco Original discute tendências dos serviços financeiros e lança plataforma para desenvolvedores - Startupi
1.82918E+18,"Facebook Messenger now supports PayPal payments in bots, will track your PayPal receipts",Life Beyond Email: Chatbot Marketing,[PayPal] Postos Shell adotam pagamento no smartphone,Natura inova e cria bot para auxiliar consumidores a escolherem presentes de natal - Startupi,Introduction To Chatbots,Building a Facebook Chat Bot with Node and Heroku
-4.16375E+18,"Cross-industry innovations for agriculture | Deloitte Australia | Consumer & Industrial products, Technology",5 Asian Trends for 2017,5 Latin Trends for 2017 | TrendWatching,Lessons from Becoming a Data-Driven Organization,"3 Industries That Will Be Transformed By AI, Machine Learning And Big Data In The Next Decade",Top 10 Insurtech Trends for 2017 - Insurance Thought Leadership
-1.07299E+18,IBM Watson e a revolução pela inteligência artificial | Udacity,Aplicações da Inteligência artificial | Endeavor Brasil,Robô da IBM substitui 34 funcionários de empresa no Japão,"Como a inteligência artificial já muda mercados, da gastronomia ao petróleo - Startupi","Depois da Inteligência Artificial, vem aí a Inteligência Paralela","IBM e Visa transformam automóveis, eletrodomésticos e outros dispositivos conectados em potenciais pontos de vendas"
5.52489E+18,How Kotlin became our primary language for Android - UPTech Team,Lessons from converting an app to 100% Kotlin - Keepsafe Engineering,Introducing Kotlin support in Spring Framework 5.0,"Kotlin in Production - What works, Whats broken","A Geospatial Messenger with Kotlin, Spring Boot and PostgreSQL",Kotlin no Backend (Parte 2) :: Concrete Solutions
6.90888E+18,"Acquia Releases Lightning for Drupal 8, Enabling Fast Starts for Digital Experience Deployments [July 19, 2016]",Dries Buytaert,Dries Distributions remain a growing opportunity for Drupal - Buytaert,6. What can Acquia and the community do now regarding Drupal and ecommerce?,0. The case for Drupal and Commerce,The investment case for employing a Drupal core contributor - Dries Buytaert
3.39907E+18,Introducing the Workspace Preview System | Acquia Lightning,Moving the Drupal 8 workflow initiative along,A plan for media management in Drupal 8,"Acquia Releases Lightning for Drupal 8, Enabling Fast Starts for Digital Experience Deployments [July 19, 2016]",Dries Distributions remain a growing opportunity for Drupal - Buytaert,Drupal 8 is 1 Year Old (AND YOU GET A PRIZE!)
-3.51335E+18,Google e GFT firmam parceria para testes com foco em blockchain - Startupi,Que novas oportunidades poderemos criar com Blockchain? - CIO,Banco Original discute tendências dos serviços financeiros e lança plataforma para desenvolvedores - Startupi,Especialistas trazem tendências de UX para 2017 - KingHost,"""5G está para IoT como 4G esteve para o Smartphone"", saiba as apostas da Intel para 2017",Visa anuncia plataforma para pagamentos B2B internacionais com tecnologia blockchain - Startupi
-3.26708E+18,Microsoft's Digital Post-It Is Powered By Your Office's Horrible Lighting,Using Display Suite in Drupal 8: How to Customize Content Pages - WebWash,"Microsoft Is Now 'Open By Default', Says Xamarin Founder Miguel de Icaza",Adobe and Microsoft Partner in the Azure Cloud to Help Businesses Transform Customer Engagement,The technology behind preview photos,Now we know how profitable Microsoft's cloud business is -and investors should be happy
-8.6774E+18,Dasa multiplica lucro em 6 vezes no terceiro trimestre,"Santander Brasil tem lucro gerencial de R$ 1,989 bi no 4º trimestre",Seguradoras divulgam resultados de 2016 - Apólice,"Vale reverte prejuízo e tem lucro de R$ 1,8 bilhão no 3º trimestre","Vale reverte prejuízo e tem lucro de R$ 1,8 bilhão no 3º trimestre","Reestruturada, Dasa vai abrir 50 pontos e negocia aquisições"
-7.42319E+18,"Espresso Intents: não é magia, é tecnologia! - Android Dev BR",25 Coisas que Você Devia Começar a Fazer Agora que Tem 25 anos,"SINAIS do FUTURO imediato: #1, internet das coisas",O que é benchmarking? Veja quando um concorrente se torna inspiração!,Saiba como a Cisco está trabalhando com IoT e suas iniciativas para os empreendedores desse mercado - Startupi,Web Share API
8.62862E+18,Using Display Suite in Drupal 8: How to Customize Content Pages - WebWash,ConstraintLayout - Part 1,How to build cross-platform mobile apps using nothing more than a JSON markup,Microsoft's Digital Post-It Is Powered By Your Office's Horrible Lighting,Building interfaces with ConstraintLayout - Google Developers,Tracking Multiple Categories in Google Analytics for Content Pages - E-Nor | Google Analytics Blog
3.29325E+18,Lessons from Becoming a Data-Driven Organization,"Practical advice for analysis of large, complex data sets",Stop Trying to Monetize Your Data - Built to Adapt,The Complete Google Analytics Audit Checklist | Optimization Up,Engineers Shouldn't Write ETL: A Guide to Building a High Functioning Data Science Department,GE Digital snags ServiceMax for $915 million
-1.35356E+18,Netshoes e Zattini anunciam 30 dias de Black Friday,Como a Netshoes se preparou para a Black Friday deste ano,O IPO é a saída para a Netshoes?,Black Friday salva o ano do e-commerce,Ibope revela lojas de e-commerce com maior recomendação no Brasil - B!T magazine,"SulAmérica continua investindo, apesar da crise - Sonho Seguro"
-7.97787E+18,Terça de Dados #11 - Debate sobre a Regulamentação de TI,Especialistas trazem tendências de UX para 2017 - KingHost,TI Bimodal? Receita para o desastre...,Saiba como a Cisco está trabalhando com IoT e suas iniciativas para os empreendedores desse mercado - Startupi,CRO: crescimento com baixo investimento,Banco Original discute tendências dos serviços financeiros e lança plataforma para desenvolvedores - Startupi
-3.35165E+18,"Feather: A Fast On-Disk Format for Data Frames for R and Python, powered by Apache Arrow","Practical advice for analysis of large, complex data sets",Python - It's metaclasses all the way down,Java 8 Streams - A Deeper Approach About Performance Improvement,ŷhat | Classifying handwritten digits using TensorFlow,Lessons from Becoming a Data-Driven Organization
-6.93244E+18,The new 64-bit Orange Pi is a quad-core computer for $20,Asus ready to take bite of 'Pi' market with Tinker micro PC,"Onion Creates a $5 Linux Computer with Wi-Fi, Designed for IoT Applications",Chip Pro sequel to crowdsourced $9 computer sets its sights on gadget makers,Google planeja ferramentas de inteligência artificial para Raspberry Pi | Google Discovery,Replace Lego's $190 Intelligent Brick with MIT's Scratch and a $40 Raspberry Pi
-8.88578E+18,Criador do Ubuntu diz que o sistema soluciona o problema de segurança na Internet das Coisas,"SINAIS do FUTURO imediato: #1, internet das coisas",Saiba como a Cisco está trabalhando com IoT e suas iniciativas para os empreendedores desse mercado - Startupi,"Canonical libera patches de segurança para os sistemas Ubuntu 12.04, 14.04, 16.04, 16.10 e derivados","Por dentro do Nubank, conheça os segredos da fintech mais festejada do país",Especialistas trazem tendências de UX para 2017 - KingHost
5.26361E+18,"Building A Modern, Scalable Backend: Modernizing Monolithic Applications",Using Microservices Architecture as API Enablement Strategy,"The Languages, Frameworks and Tools You Should Learn in 2017",​Kubernetes 1.4: One DevOps tool to rule all the containers | ZDNet,Most Interesting APIs in 2016: Cognitive Computing,The Ultimate Solution to Versioning REST APIs: Content Negotiation
-4.48306E+18,Grow fast or die slow: Focusing on customer success to drive growth,Banking Needs a Customer Experience Wake-Up Call,Using behavioral data to improve customer satisfaction,Tailoring your integration approach to specific deals,3 Pillars of the Most Successful Tech Products,Now we know how profitable Microsoft's cloud business is -and investors should be happy
5.92906E+18,Digital Tool as Strategic Enabler for Banking Transformation,Banking Needs a Customer Experience Wake-Up Call,Where is the bank's digital vision? - Chris Skinner's blog,Five things to include in your digital transformation playbook,Blockchain Will Be Used By 15% of Big Banks By 2017,Mapping the Global NeoBank Landscape - Techfoliance
6.80097E+18,Sponsored: Five reasons why retailers should opt for digital receipts,Now sites can fingerprint you online even when you use multiple browsers,Browser Trends December 2016: Mobile Overtakes Desktop,Lossless Web Navigation with Trails,"Front-End Performance Checklist 2017 (PDF, Apple Pages) - Smashing Magazine",Addressing Accessibility for the Web
4.66706E+18,Citroën lança e-commerce de carros,Black Friday salva o ano do e-commerce,A saga do jovem CEO da Dasa,Saiba como a Cisco está trabalhando com IoT e suas iniciativas para os empreendedores desse mercado - Startupi,Banco Original discute tendências dos serviços financeiros e lança plataforma para desenvolvedores - Startupi,"Por dentro do Nubank, conheça os segredos da fintech mais festejada do país"
-2.66263E+17,A plan for media management in Drupal 8,Dries Distributions remain a growing opportunity for Drupal - Buytaert,Drupal 8 is 1 Year Old (AND YOU GET A PRIZE!),The investment case for employing a Drupal core contributor - Dries Buytaert,3. The case for Drupal and SaaS,2. Why Drupal is ideal for ecommerce
-8.00999E+18,How AI helps marketers tell better stories,Andrew Ng: What AI Can and Can't Do,Here's how The White House wants the U.S. to approach AI R&D,We are on the verge of a consumer M&A avalanche,Democratizing AI,Top 10 Hot Artificial Intelligence (AI) Technologies
-9.08696E+18,We are on the verge of a consumer M&A avalanche,Large CPGs are under attack by startups... and consumers are winning,The future of traditional retail is digital,trendwatching.com | 5 Trends for 2017 | TrendWatching,Adobe Announces Cross-Device Co-op to Enable People-Based Marketing,How AI helps marketers tell better stories
4.90478E+18,My Approach to Mobile Accessibility Testing - Ministry of Testing,Addressing Accessibility for the Web,Browser Trends December 2016: Mobile Overtakes Desktop,What to look for in a code review ,[Tools] How to Record your Desktop Screen with YouTube,13 Killer SEO Copywriting Tips (With Examples and A/B Tests)
-1.42578E+18,Natura inova e cria bot para auxiliar consumidores a escolherem presentes de natal - Startupi,Banco Original discute tendências dos serviços financeiros e lança plataforma para desenvolvedores - Startupi,Black Friday salva o ano do e-commerce,Especialistas trazem tendências de UX para 2017 - KingHost,Aplicações da Inteligência artificial | Endeavor Brasil,"Como a inteligência artificial já muda mercados, da gastronomia ao petróleo - Startupi"
8.83651E+18,"Practical advice for analysis of large, complex data sets",Lessons from Becoming a Data-Driven Organization,Stop Trying to Monetize Your Data - Built to Adapt,The Complete Google Analytics Audit Checklist | Optimization Up,Engineers Shouldn't Write ETL: A Guide to Building a High Functioning Data Science Department,A Data Engineer's Guide To Non-Traditional Data Storages
-4.45192E+18,Cape Analytics raises $14 million to use computer vision for better insurance quotes,Lessons from Becoming a Data-Driven Organization,Top 10 Insurtech Trends for 2017 - Insurance Thought Leadership,Improvements coming to the Google Analytics desktop UI,Google Cloud Platform sets a course for new horizons,How real businesses are using machine learning
-8.35359E+18,Celebrating TensorFlow's First Year,TensorFlow Tutorial- Part 1,ŷhat | Classifying handwritten digits using TensorFlow,Baidu Research grills AI models on deep learning,Machine Learning Is No Longer Just for Experts,Google's Cloud Machine Learning service is now in public beta
-8.06873E+18,How real businesses are using machine learning,Machine Learning Is No Longer Just for Experts,Stop Coding Machine Learning Algorithms From Scratch - Machine Learning Mastery,The Best Advice From Quora on 'How to Learn Machine Learning',Google's Cloud Machine Learning service is now in public beta,"Google Cloud Machine Learning family grows with new API, editions and pricing"
-1.60698E+18,Conferência discutirá principais temas dentro do mundo de inovação em serviços financeiros - Startupi,Que novas oportunidades poderemos criar com Blockchain? - CIO,Banco Original discute tendências dos serviços financeiros e lança plataforma para desenvolvedores - Startupi,"SulAmérica continua investindo, apesar da crise - Sonho Seguro",Nova iniciativa busca desenvolver o ecossistema de Fintechs da América Latina,Como o Banco do Brasil está inovando e incentivando o intraempreendedorismo
4.71701E+18,Que novas oportunidades poderemos criar com Blockchain? - CIO,"SINAIS do FUTURO imediato: #1, internet das coisas",Saiba como a Cisco está trabalhando com IoT e suas iniciativas para os empreendedores desse mercado - Startupi,Banco Original discute tendências dos serviços financeiros e lança plataforma para desenvolvedores - Startupi,TI Bimodal? Receita para o desastre...,Especialistas trazem tendências de UX para 2017 - KingHost
8.92628E+18,What A Difference 2 Percentage Points Makes,America's allies are preparing for a bumpy ride,What makes a good (Android) Software Engineer,Introducing Ask a Female Engineer,Seniority,Indian outsourcing specialists must reboot their strategies
-3.26989E+18,The Competitive Landscape for Machine Intelligence,The Competitive Landscape for Machine Intelligence,How real businesses are using machine learning,Machine Learning Is No Longer Just for Experts,The Non-Technical Guide to Machine Learning & Artificial Intelligence - Machine Learnings,How CIOs Leverage Business Intelligence to Drive Smarter Decision-Making
6.75003E+18,"Microsoft anuncia Visual Studio para Mac, disponível ainda nesta semana | MacMagazine.com.br","Microsoft lança Teams, nova plataforma de chat concorrente do Slack | MacMagazine.com.br","SINAIS do FUTURO imediato: #1, internet das coisas",Especialistas trazem tendências de UX para 2017 - KingHost,Como o Trello foi de 4 a 17 milhões de usuários,O futuro das interfaces: Chatbots - Tableless
-4.1583E+18,"[Situation Wall] Jamboard - the whiteboard, reimagined for collaboration in the cloud",Google Jamboard Is a Huge 4K Screen You Can Scribble On,New Early Adopter Programs: Team Drives and a new Hangouts video meetings experience,12 Agile principles,All Together Now. Introducing G Suite.,Seniority
4.67189E+18,GE Digital snags ServiceMax for $915 million,Siemens and General Electric gear up for the internet of things,Lessons from Becoming a Data-Driven Organization,Assessing Salesforce's platform and ecosystem | ZDNet,Digital Leadership Is Not an Optional Part of Being a CEO,The Competitive Landscape for Machine Intelligence
7.33481E+18,WORKPEDIA 2016,Especialistas trazem tendências de UX para 2017 - KingHost,"""5G está para IoT como 4G esteve para o Smartphone"", saiba as apostas da Intel para 2017",Plano nacional de ''internet das coisas'' sai em fevereiro,"SulAmérica continua investindo, apesar da crise - Sonho Seguro","Depois da Inteligência Artificial, vem aí a Inteligência Paralela"
-6.46621E+18,[Coursera] Introduction to Communication Science - University of Amsterdam | Coursera,Code.org 2016 Annual Report,How the Communicator's Dilemma Made a 'Slack-lash' Inevitable,Introducing the Data Science Maturity Model,Slack CEO Stewart Butterfield on the Future of Communication,What makes a good (Android) Software Engineer
6.99981E+18,Write Like You Talk,The Three Language Acquisition Stages,Stop Trying to Sound Smart When You're Writing,What's the Best Programming Language to Learn in 2017?,Seniority,Making Sense of Unstructured Data with Google Cloud NL API
4.64793E+18,7 Ways to Win Consumers on Their Path to Purchase,This 8-Page Website Generated Six-Figures in its First 8 Months - gaps,Large CPGs are under attack by startups... and consumers are winning,We are on the verge of a consumer M&A avalanche,Voice Search Could Become Mainstream Within the Next 5 Years,Breaking: Apple's Search Ads go LIVE!
-2.87135E+18,Making Sense of Unstructured Data with Google Cloud NL API,Here's how Evernote moved 3 petabytes of data to Google's cloud,"Google Cloud Machine Learning family grows with new API, editions and pricing",Most Interesting APIs in 2016: Cognitive Computing,The Three Language Acquisition Stages,Google Cloud Platform sets a course for new horizons
-7.13043E+18,Drupal 8 is 1 Year Old (AND YOU GET A PRIZE!),The investment case for employing a Drupal core contributor - Dries Buytaert,Dries Distributions remain a growing opportunity for Drupal - Buytaert,2. Why Drupal is ideal for ecommerce,3. The case for Drupal and SaaS,4. Why ecommerce is essential for Drupal
7.52982E+18,Google lança experimentos com inteligência artificial | Google Discovery,Google Maps agora mostra se local tem entrada com acessibilidade | Google Discovery,"A.I. Duet, crie melodias usando o aprendizado de máquina do Google | Google Discovery",Google planeja ferramentas de inteligência artificial para Raspberry Pi | Google Discovery,Inteligência artificial do Google aprende a aprimorar fotos como nos filmes | Google Discovery,Google usa aprendizado de máquina para melhorar imagens de baixa qualidade | Google Discovery
3.0561E+18,Alibaba quebra recorde de vendas no Dia dos Solteiros - e-commerce,Black Friday salva o ano do e-commerce,Seguradoras divulgam resultados de 2016 - Apólice,Como a Netshoes se preparou para a Black Friday deste ano,A saga do jovem CEO da Dasa,Especialistas trazem tendências de UX para 2017 - KingHost
8.35361E+18,Introducing the new Google Play Music,Most Interesting APIs in 2016: Cognitive Computing,Google's Cloud Machine Learning service is now in public beta,"Google saves Allo conversations, a win for machine learning but a loss for privacy - Tech2",Google Cloud Platform sets a course for new horizons,"Google Cloud Machine Learning family grows with new API, editions and pricing"
-1.51162E+18,Gestão de Dados: 10 questões básicas sobre seu uso,Qual é a real diferença entre Data Storytelling e análise de dados? - CIO,CRO: crescimento com baixo investimento,A saga do jovem CEO da Dasa,Especialistas trazem tendências de UX para 2017 - KingHost,Uma arquitetura de referência para a Internet das Coisas - Parte 1
6.38962E+18,Using TensorFlow and JupyterHub in Classrooms,​Kubernetes 1.4: One DevOps tool to rule all the containers | ZDNet,Google Cloud Platform sets a course for new horizons,"Use Docker to build, test and push your Artifacts",Labelling automated builds on Docker Hub - Microscaling Systems,8 must-see sessions for application developers at Google Cloud Next '17
-2.78017E+18,In the Long Run,American Express ... and the Book of Mormon - Chris Skinner's blog,Taking the Apple Watch Nike+ for a spin,Former Google career coach shares a visual trick for figuring out what to do with your life,Why Deep Learning Is Suddenly Changing Your Life,Ask a Female Engineer: Joining a Startup
2.31282E+17,Saiba como a Cisco está trabalhando com IoT e suas iniciativas para os empreendedores desse mercado - Startupi,"SINAIS do FUTURO imediato: #1, internet das coisas",O que é benchmarking? Veja quando um concorrente se torna inspiração!,Banco Original discute tendências dos serviços financeiros e lança plataforma para desenvolvedores - Startupi,25 Coisas que Você Devia Começar a Fazer Agora que Tem 25 anos,"Por dentro do Nubank, conheça os segredos da fintech mais festejada do país"
-2.16784E+18,Black Friday salva o ano do e-commerce,Como a Netshoes se preparou para a Black Friday deste ano,Especialistas trazem tendências de UX para 2017 - KingHost,A saga do jovem CEO da Dasa,CRO: crescimento com baixo investimento,"Por dentro do Nubank, conheça os segredos da fintech mais festejada do país"
-3.34865E+18,Google usa aprendizado de máquina para melhorar imagens de baixa qualidade | Google Discovery,Inteligência artificial do Google aprende a aprimorar fotos como nos filmes | Google Discovery,Google lança experimentos com inteligência artificial | Google Discovery,Google planeja ferramentas de inteligência artificial para Raspberry Pi | Google Discovery,Google Maps agora mostra se local tem entrada com acessibilidade | Google Discovery,Especialistas trazem tendências de UX para 2017 - KingHost
-6.21563E+18,Stop Trying to Monetize Your Data - Built to Adapt,"Practical advice for analysis of large, complex data sets",Lessons from Becoming a Data-Driven Organization,Engineers Shouldn't Write ETL: A Guide to Building a High Functioning Data Science Department,Using behavioral data to improve customer satisfaction,The Complete Google Analytics Audit Checklist | Optimization Up
-6.51015E+18,Hollar snags another $30 million for its fast-growing dollar store app,Six iconic retailers and their digital transformation journeys,The future of traditional retail is digital,"Samsung, SapientRazorfish Show IoT Retail Approach At NRF",3 Pillars of the Most Successful Tech Products,Large CPGs are under attack by startups... and consumers are winning
5.31334E+18,Salesforce Architect Journey,Software Architecture Patterns,Assessing Salesforce's platform and ecosystem | ZDNet,Building Event-driven Microservices Using CQRS and Serverless,Lossless Web Navigation with Trails,The new tech talent you need to succeed in digital
6.222E+18,Blockchain startup R3 cuts fund-raising target to $150 million: source,Blockchain Will Be Used By 15% of Big Banks By 2017,4 Blockchain Macro Trends: Where to Place Your Bets,Microsoft and Bank of America Merrill Lynch Collaborate to Transform Trade Finance Transacting With Azure Blockchain as a Service,"JPMorgan Software Does in Seconds What Took Lawyers 360,000 Hours",Digital Tool as Strategic Enabler for Banking Transformation
8.4286E+18,Time to Re-Think Design Thinking,Can user-centered design steer you wrong?,The new tech talent you need to succeed in digital,Why do you Fail at Growth Marketing and How to Solve it,Digital Leadership Is Not an Optional Part of Being a CEO,10 principles of business transformation
-4.92521E+18,American Express ... and the Book of Mormon - Chris Skinner's blog,In the Long Run,Why Deep Learning Is Suddenly Changing Your Life,America's allies are preparing for a bumpy ride,So you want to sell to banks?,Google's new translation software is almost as good as human translators
-8.14561E+18,Docker Online Meetup #46: Introduction to InfraKit - Docker Blog,Release Day: Extend Drupal 8 with Plugins,"Use Docker to build, test and push your Artifacts",Speed Up a WordPress Website in 8 Steps,containerd - a core container runtime project for the industry - Docker Blog,Drupal 8 CI/CD with Docker via Jenkins. Part 1: Integration
1.32862E+18,"Google Cloud Machine Learning family grows with new API, editions and pricing",Google's Cloud Machine Learning service is now in public beta,Google Cloud Platform sets a course for new horizons,How real businesses are using machine learning,Machine Learning Is No Longer Just for Experts,"Google Cloud Endpoints now generally available: a fast, scalable API gateway"
-4.29326E+18,Globant Acquires L4 to Strengthen its Lead Position in the Digital Services Space,The new tech talent you need to succeed in digital,Digital Leadership Is Not an Optional Part of Being a CEO,Where is the bank's digital vision? - Chris Skinner's blog,Five things to include in your digital transformation playbook,Cognizant Named a Digital Transformation Leader in the Life Science Industry
-6.77245E+18,"EC2 Price Reduction (C4, M4, and T2 Instances) | AWS Blog",New Amazon Linux Container Image for Cloud and On-Premises Workloads,"Docker - Build, Ship, and Run Any App, Anywhere",This 8-Page Website Generated Six-Figures in its First 8 Months - gaps,Live asynchronously.,Amazon EBS Update - New Elastic Volumes Change Everything | AWS Blog
-6.2331E+17,trendwatching.com | 5 Trends for 2017 | TrendWatching,5 Asian Trends for 2017,5 Latin Trends for 2017 | TrendWatching,We are on the verge of a consumer M&A avalanche,Large CPGs are under attack by startups... and consumers are winning,The future of traditional retail is digital
-9.1524E+18,"Microsoft Is Now 'Open By Default', Says Xamarin Founder Miguel de Icaza",Adobe and Microsoft Partner in the Azure Cloud to Help Businesses Transform Customer Engagement,Desenvolvimento de Aplicativos Mobile com Xamarin -,Now we know how profitable Microsoft's cloud business is -and investors should be happy,Microsoft adds Python to deep learning toolkit,Enterprise Open Source Programs Flourish -- In Tech and Elsewhere
-2.80896E+18,Java 8 Streams : 10 missing features,"Stream processing, Event sourcing, Reactive, CEP... and making sense of it all - Confluent",Java 8 Streams - A Deeper Approach About Performance Improvement,The Java 8 API Design Principles,Microservices - When to React Vs. Orchestrate - Capital One DevExchange,"Practical advice for analysis of large, complex data sets"
-5.68919E+18,[Kanban Boards] Is Pinnery the Better Trello?,Trello Is Being Acquired By Atlassian,Mark A Trello Card As Done (And Drop The Mic On That Task),Como o Trello foi de 4 a 17 milhões de usuários,12 Agile principles,The Ultimate Digital Clean-Up Checklist: Are You Prepared For The New Year? - Smashing Magazine
2.21577E+18,Como a Netshoes se preparou para a Black Friday deste ano,Black Friday salva o ano do e-commerce,Netshoes e Zattini anunciam 30 dias de Black Friday,O IPO é a saída para a Netshoes?,"Por dentro do Nubank, conheça os segredos da fintech mais festejada do país",A saga do jovem CEO da Dasa
-1.87857E+18,The Three Language Acquisition Stages,Write Like You Talk,What's the Best Programming Language to Learn in 2017?,Stop Trying to Sound Smart When You're Writing,Making Sense of Unstructured Data with Google Cloud NL API,Google's new translation software is almost as good as human translators
7.97809E+18,Inteligência artificial do Google é capaz de fazer leitura labial | Google Discovery,Aplicações da Inteligência artificial | Endeavor Brasil,"Como a inteligência artificial já muda mercados, da gastronomia ao petróleo - Startupi",Google lança experimentos com inteligência artificial | Google Discovery,"Depois da Inteligência Artificial, vem aí a Inteligência Paralela",Especialistas trazem tendências de UX para 2017 - KingHost
1.63945E+18,Rating the English Proficiency of Countries and Industries Around the World,Google's new translation software is almost as good as human translators,"A Neural Network for Machine Translation, at Production Scale",The Three Language Acquisition Stages,Evaluating the Chinese Developer Community,Top 30 Commonly Confused Words in English
-5.89553E+18,"Developing the Opportunity for Corporate Entrepreneurs - University of Maryland, College Park | Coursera",Coca-Cola reportedly closes Founders startup incubator,Not Your Father's Insurance Industry - Insurance Thought Leadership,The new tech talent you need to succeed in digital,Digital Leadership Is Not an Optional Part of Being a CEO,How CIOs Leverage Business Intelligence to Drive Smarter Decision-Making
8.24319E+18,Release Day: Extend Drupal 8 with Plugins,Drupal 8 is 1 Year Old (AND YOU GET A PRIZE!),3. The case for Drupal and SaaS,The investment case for employing a Drupal core contributor - Dries Buytaert,Improving Drupal 8's API-first: JSON API and OAuth2?,0. The case for Drupal and Commerce
-3.68797E+18,[Report] Gráficos inúteis ou bregas do Excel (parte 2),[Report] Gráficos inúteis ou bregas do Excel (parte 1),"SINAIS do FUTURO imediato: #1, internet das coisas",25 Coisas que Você Devia Começar a Fazer Agora que Tem 25 anos,O que é benchmarking? Veja quando um concorrente se torna inspiração!,Como o Trello foi de 4 a 17 milhões de usuários
7.85025E+18,[Report] Gráficos inúteis ou bregas do Excel (parte 1),[Report] Gráficos inúteis ou bregas do Excel (parte 2),"SINAIS do FUTURO imediato: #1, internet das coisas",25 Coisas que Você Devia Começar a Fazer Agora que Tem 25 anos,O que é benchmarking? Veja quando um concorrente se torna inspiração!,"Por dentro do Nubank, conheça os segredos da fintech mais festejada do país"
3.2887E+18,Primeiro chatbot do varejo brasileiro no Facebook Messenger já está funcionando - Startupi,Visa inaugura Co-Creation Center em São Paulo,Especialistas trazem tendências de UX para 2017 - KingHost,Black Friday salva o ano do e-commerce,Banco Original discute tendências dos serviços financeiros e lança plataforma para desenvolvedores - Startupi,Como o Trello foi de 4 a 17 milhões de usuários
6.91751E+18,Introducing the Data Science Maturity Model,Lessons from Becoming a Data-Driven Organization,Engineers Shouldn't Write ETL: A Guide to Building a High Functioning Data Science Department,Code.org 2016 Annual Report,"Practical advice for analysis of large, complex data sets",Stop Trying to Monetize Your Data - Built to Adapt
-7.64692E+18,Using Microservices Architecture as API Enablement Strategy,Java Microservices: The Cake is a Lie but You Can't Ignore It | Takipi Blog,"Google Cloud Endpoints now generally available: a fast, scalable API gateway","Building A Modern, Scalable Backend: Modernizing Monolithic Applications",Standing on the Shoulders of Giants - Built to Adapt,Most Interesting APIs in 2016: Cognitive Computing
1.56124E+18,New Amazon Linux Container Image for Cloud and On-Premises Workloads,"Use Docker to build, test and push your Artifacts",The technology behind preview photos,containerd - a core container runtime project for the industry - Docker Blog,Introducing Docker for Windows Server 2016 - Docker Blog,Labelling automated builds on Docker Hub - Microscaling Systems
8.78653E+18,"Cheap, Rugged Sweat-Sensing Skin Patch Hints at Bloodless Testing",Graphene and Silly Putty Creates a Super-Sensitive Strain Sensor,Home-Made Twitter and Gmail Notifications with PHP and Arduino,Medindo vazão utilizando sensor ultra-sônico de distância - Embarcados,How Mobile Health Apps and Wearables Could Actually Make People Sicker,Kit de sensor BLE alimentado por energia solar
-5.47017E+18,"Windows 10 Mobile news recap: Nadella teases ""ultimate"" device, Surface Phone spec rumors and more | On MSFT",Introducing Docker for Windows Server 2016 - Docker Blog,"Microsoft Is Now 'Open By Default', Says Xamarin Founder Miguel de Icaza",Comment: IBM's Apple deployment stats should be a lesson to enterprise companies everywhere,Desenvolvimento de Aplicativos Mobile com Xamarin -,Adobe and Microsoft Partner in the Azure Cloud to Help Businesses Transform Customer Engagement
-6.58441E+18,O que é liderança? Liderança é fazer a diversidade funcionar.,Especialistas trazem tendências de UX para 2017 - KingHost,O que é benchmarking? Veja quando um concorrente se torna inspiração!,Saiba como a Cisco está trabalhando com IoT e suas iniciativas para os empreendedores desse mercado - Startupi,Livros sobre liderança: os 10 melhores livros para bons líderes,A saga do jovem CEO da Dasa
-1.12945E+18,Google agora informa em tempo real se estabelecimento está lotado - Startupi,Novas frentes de trabalho da Alelo vão de ações de fidelidade a novos meios de pagamento,Aplicações da Inteligência artificial | Endeavor Brasil,"SINAIS do FUTURO imediato: #1, internet das coisas","Como a inteligência artificial já muda mercados, da gastronomia ao petróleo - Startupi",Especialistas trazem tendências de UX para 2017 - KingHost
-7.29472E+18,Usando o git add interativo,"SINAIS do FUTURO imediato: #1, internet das coisas",25 Coisas que Você Devia Começar a Fazer Agora que Tem 25 anos,O que é benchmarking? Veja quando um concorrente se torna inspiração!,Saiba como a Cisco está trabalhando com IoT e suas iniciativas para os empreendedores desse mercado - Startupi,Especialistas trazem tendências de UX para 2017 - KingHost
3.80166E+18,"As Artificial Intelligence Evolves, So Does Its Criminal Potential",The Competitive Landscape for Machine Intelligence,The Competitive Landscape for Machine Intelligence,The internet of stings,Why Deep Learning Is Suddenly Changing Your Life,What DeepMind brings to Alphabet
-3.74558E+18,Stop Coding Machine Learning Algorithms From Scratch - Machine Learning Mastery,Machine Learning Is No Longer Just for Experts,How real businesses are using machine learning,The Best Advice From Quora on 'How to Learn Machine Learning',"Google Cloud Machine Learning family grows with new API, editions and pricing",Google's Cloud Machine Learning service is now in public beta
3.1163E+18,ESA says doomed Mars lander succumbed to bad altitude reading,Code.org 2016 Annual Report,Future Of Consulting: Consultancies Adapt To Digital Change,Engineers Shouldn't Write ETL: A Guide to Building a High Functioning Data Science Department,Deep Learning AI for NASA Powers Earth Robots,"As Artificial Intelligence Evolves, So Does Its Criminal Potential"
1.87395E+18,Hype Driven Development,Hype Driven Development,12 Agile principles,"The Languages, Frameworks and Tools You Should Learn in 2017",Standing on the Shoulders of Giants - Built to Adapt,Seniority
3.73993E+18,Resenha - A Chegada,"Por dentro do Nubank, conheça os segredos da fintech mais festejada do país","SINAIS do FUTURO imediato: #1, internet das coisas",Saiba como a Cisco está trabalhando com IoT e suas iniciativas para os empreendedores desse mercado - Startupi,O que é benchmarking? Veja quando um concorrente se torna inspiração!,O manual do deboísta corporativo
-1.1045E+18,"Mastercard disponibiliza autenticação de pagamento por ""selfie"" no Brasil e México - Startupi",Mastercard libera APIs para quem quer desenvolver novas fintechs,Mastercard lança plataforma de APIs abertas para soluções de pagamentos - Startupi,Visa inaugura Co-Creation Center em São Paulo,[Canais Digitais] Banco Agiplan lança app que elimina intermediários ou pagamento de taxas - E-Commerce News,Banco Original discute tendências dos serviços financeiros e lança plataforma para desenvolvedores - Startupi
4.03748E+18,"5. History lesson: Drupal Commerce, Commerce Guys, and Acquia",7. What's in this for me?,6. What can Acquia and the community do now regarding Drupal and ecommerce?,0. The case for Drupal and Commerce,2. Why Drupal is ideal for ecommerce,4. Why ecommerce is essential for Drupal
-6.73996E+18,Introduction To Chatbots,Introducing Mini Courses with MS Chatbots,Life Beyond Email: Chatbot Marketing,A smart home is where the bot is,Building a Facebook Chat Bot with Node and Heroku,"Zo, Microsoft's latest attempt at a chatbot, is ready to converse on Kik app"
-5.79054E+18,Machines are learning to find concealed weapons in x-ray scans,Google DeepMind researchers built a deep-learning system capable of learning from very little data.,Machine Learning Is No Longer Just for Experts,How real businesses are using machine learning,The Competitive Landscape for Machine Intelligence,The Competitive Landscape for Machine Intelligence
2.84155E+18,Mark A Trello Card As Done (And Drop The Mic On That Task),[Kanban Boards] Is Pinnery the Better Trello?,Hacked Website Report - 2016/Q3,Trello Is Being Acquired By Atlassian,"Amazon looking to buy Capital One? "" Banking Technology",The Ultimate Digital Clean-Up Checklist: Are You Prepared For The New Year? - Smashing Magazine
-4.64075E+18,6. What can Acquia and the community do now regarding Drupal and ecommerce?,0. The case for Drupal and Commerce,4. Why ecommerce is essential for Drupal,2. Why Drupal is ideal for ecommerce,7. What's in this for me?,"5. History lesson: Drupal Commerce, Commerce Guys, and Acquia"
8.3553E+18,Livros sobre liderança: os 10 melhores livros para bons líderes,O que é liderança? Liderança é fazer a diversidade funcionar.,A saga do jovem CEO da Dasa,Especialistas trazem tendências de UX para 2017 - KingHost,O que é benchmarking? Veja quando um concorrente se torna inspiração!,Saiba como a Cisco está trabalhando com IoT e suas iniciativas para os empreendedores desse mercado - Startupi
-7.5939E+17,Top 30 Commonly Confused Words in English,Rating the English Proficiency of Countries and Industries Around the World,Mastering Bash and Terminal,Stop Trying to Sound Smart When You're Writing,"A Neural Network for Machine Translation, at Production Scale",13 Killer SEO Copywriting Tips (With Examples and A/B Tests)
5.00542E+18,4. Why ecommerce is essential for Drupal,0. The case for Drupal and Commerce,6. What can Acquia and the community do now regarding Drupal and ecommerce?,2. Why Drupal is ideal for ecommerce,3. The case for Drupal and SaaS,Drupal 8 is 1 Year Old (AND YOU GET A PRIZE!)
-8.53513E+18,Lançamento da LBI Comentada,"Dasa anuncia compra do laboratório Leme, da Bahia",Conferência discutirá principais temas dentro do mundo de inovação em serviços financeiros - Startupi,Dasa compra maior rede de laboratórios do Nordeste,5 Podcasts : Aprenda mais sobre gestão e liderança,Negociação deve garantir ocupação de shoppings até 2017 | EXAME.com
-3.87033E+18,Customize your G Suite experience with App Maker and Recommended apps,How to use Docker to run ASP.NET Core apps on Google App Engine,All Together Now. Introducing G Suite.,Google Cloud Platform sets a course for new horizons,Using Microservices Architecture as API Enablement Strategy,What Happens When No One and Everyone Owns a Product? - Built to Adapt
8.31069E+18,Android process death - and the (big) implications for your app - Inloop,Android Fundamentals: IntentService Basics,What Happens When No One and Everyone Owns a Product? - Built to Adapt,Stop Trying to Monetize Your Data - Built to Adapt,The door for new contributors to Drupal is still locked,My experience with Google's Associate Android Developer Certification
2.17131E+18,Exploited Script in WordPress Themes Send Spam,Debugging WordPress: 11 Powerful Tips and Techniques,Hacked Website Report - 2016/Q3,Speed Up a WordPress Website in 8 Steps,Learn About the PHP Trends and Predictions for 2017,What to look for in a code review 
3.38299E+18,Graphene-based Antenna Still Looking for Path to Commercialization,Graphene and Silly Putty Creates a Super-Sensitive Strain Sensor,Put a ring on it: three smart rings with plenty of beauty and brains,Democratizing AI,17 for '17: Microsoft researchers on what to expect in 2017 and 2027 - Next at Microsoft,Lessons from Becoming a Data-Driven Organization
7.26369E+18,WeakReference in Android - Google Developers Experts,Four Node.js Gotchas that Operations Teams Should Know about - The New Stack,What makes a good (Android) Software Engineer,Google DeepMind researchers built a deep-learning system capable of learning from very little data.,Java 8 Streams - A Deeper Approach About Performance Improvement,13 Killer SEO Copywriting Tips (With Examples and A/B Tests)
-2.5558E+18,Curta do Google pode ser o primeiro filme em realidade virtual indicado ao Oscar,A saga do jovem CEO da Dasa,"SINAIS do FUTURO imediato: #1, internet das coisas",Saiba como a Cisco está trabalhando com IoT e suas iniciativas para os empreendedores desse mercado - Startupi,Especialistas trazem tendências de UX para 2017 - KingHost,"""5G está para IoT como 4G esteve para o Smartphone"", saiba as apostas da Intel para 2017"
3.77269E+18,Can user-centered design steer you wrong?,Time to Re-Think Design Thinking,Addressing Accessibility for the Web,Engineering Digital Banking Solutions Using UX Methodology,The new tech talent you need to succeed in digital,Stop Trying to Monetize Your Data - Built to Adapt
-2.41725E+17,Fintech inova em parceria com a Apple e permite usuários realizarem Transferências por comando de voz,Especialistas trazem tendências de UX para 2017 - KingHost,Banco Original discute tendências dos serviços financeiros e lança plataforma para desenvolvedores - Startupi,A saga do jovem CEO da Dasa,Como o Banco do Brasil está inovando e incentivando o intraempreendedorismo,Black Friday salva o ano do e-commerce
8.81166E+17,CNseg anuncia os finalistas da 6ª edição do Prêmio de Inovação em Seguros - Sonho Seguro,"SulAmérica continua investindo, apesar da crise - Sonho Seguro",Seguradoras divulgam resultados de 2016 - Apólice,A saga do jovem CEO da Dasa,Banco Original discute tendências dos serviços financeiros e lança plataforma para desenvolvedores - Startupi,Serasa Experian realiza hackathon com prêmios de até R$10 mil - Startupi
7.93426E+18,Outlook 2026 - Projeções para o Agronegócio Brasileiro,Qual é o valor da área de T&D na sua empresa?,"SulAmérica continua investindo, apesar da crise - Sonho Seguro","""5G está para IoT como 4G esteve para o Smartphone"", saiba as apostas da Intel para 2017",Especialistas trazem tendências de UX para 2017 - KingHost,CRO: crescimento com baixo investimento
8.86935E+18,Java Garbage Collection Essencial,"SINAIS do FUTURO imediato: #1, internet das coisas",Saiba como a Cisco está trabalhando com IoT e suas iniciativas para os empreendedores desse mercado - Startupi,"Por dentro do Nubank, conheça os segredos da fintech mais festejada do país",Especialistas trazem tendências de UX para 2017 - KingHost,O que é benchmarking? Veja quando um concorrente se torna inspiração!
-1.10136E+18,Browser Trends December 2016: Mobile Overtakes Desktop,Now sites can fingerprint you online even when you use multiple browsers,My Approach to Mobile Accessibility Testing - Ministry of Testing,Sponsored: Five reasons why retailers should opt for digital receipts,What Google AMP Means for Every Marketer,"The Languages, Frameworks and Tools You Should Learn in 2017"
-7.49983E+18,The Sweet Way that Gamification Helps M&M's Boost Consumer Engagement - Gamification Co,Large CPGs are under attack by startups... and consumers are winning,Adobe Announces Cross-Device Co-op to Enable People-Based Marketing,We are on the verge of a consumer M&A avalanche,Five things to include in your digital transformation playbook,Marketing To Millennials: 'Dope' Takeaways From 'Just Dance 2017'
2.12181E+18,"thinkseg traz o seguro ""pague conforme você usa"" para taxistas","SulAmérica continua investindo, apesar da crise - Sonho Seguro",Banco Original discute tendências dos serviços financeiros e lança plataforma para desenvolvedores - Startupi,Saiba como a Cisco está trabalhando com IoT e suas iniciativas para os empreendedores desse mercado - Startupi,Novas frentes de trabalho da Alelo vão de ações de fidelidade a novos meios de pagamento,Negociação deve garantir ocupação de shoppings até 2017 | EXAME.com
6.1046E+18,Como consumir conteúdo de qualidade em iOS - CocoaHeads BR,"SINAIS do FUTURO imediato: #1, internet das coisas","Por dentro do Nubank, conheça os segredos da fintech mais festejada do país",O que é benchmarking? Veja quando um concorrente se torna inspiração!,Saiba como a Cisco está trabalhando com IoT e suas iniciativas para os empreendedores desse mercado - Startupi,25 Coisas que Você Devia Começar a Fazer Agora que Tem 25 anos
-4.07093E+18,Adobe and Microsoft Partner in the Azure Cloud to Help Businesses Transform Customer Engagement,Adobe Announces Cross-Device Co-op to Enable People-Based Marketing,Accenture and Adboe team on customer enegagement,Now we know how profitable Microsoft's cloud business is -and investors should be happy,"Microsoft Is Now 'Open By Default', Says Xamarin Founder Miguel de Icaza",Microsoft adds Python to deep learning toolkit
-1.30621E+18,"SulAmérica continua investindo, apesar da crise - Sonho Seguro",A saga do jovem CEO da Dasa,"""5G está para IoT como 4G esteve para o Smartphone"", saiba as apostas da Intel para 2017",Especialistas trazem tendências de UX para 2017 - KingHost,Black Friday salva o ano do e-commerce,Saiba como a Cisco está trabalhando com IoT e suas iniciativas para os empreendedores desse mercado - Startupi
-2.96246E+18,Honda revela conceito de carro com 'emoções' e inteligência artificial,Novas frentes de trabalho da Alelo vão de ações de fidelidade a novos meios de pagamento,Especialistas trazem tendências de UX para 2017 - KingHost,Google lança experimentos com inteligência artificial | Google Discovery,A saga do jovem CEO da Dasa,"Depois da Inteligência Artificial, vem aí a Inteligência Paralela"
-3.95127E+18,Digital Leadership Is Not an Optional Part of Being a CEO,The new tech talent you need to succeed in digital,Where is the bank's digital vision? - Chris Skinner's blog,Five things to include in your digital transformation playbook,Digital Tool as Strategic Enabler for Banking Transformation,10 principles of business transformation
2.86761E+18,Put a ring on it: three smart rings with plenty of beauty and brains,Why Many Smart Contract Use Cases Are Simply Impossible - CoinDesk,Why Many Smart Contract Use Cases Are Simply Impossible - CoinDesk,Graphene-based Antenna Still Looking for Path to Commercialization,A smart home is where the bot is,Taking the Apple Watch Nike+ for a spin
1.45077E+18,[1612.00380] Playing Doom with SLAM-Augmented Deep Reinforcement Learning,How Robots Can Acquire New Skills from Their Shared Experience,Understanding User Psychology: Thinking Like a Game Designer,Introducing the Open Images Dataset,How real businesses are using machine learning,"[1701.02952] Unhappy Developers: Bad for Themselves, Bad for Process, and Bad for Software Product"
4.16937E+18,"Brasil gasta R$ 16,4 mi ao ano com aposentadorias de juízes condenados pelo CNJ","Por dentro do Nubank, conheça os segredos da fintech mais festejada do país",A saga do jovem CEO da Dasa,Banco Original discute tendências dos serviços financeiros e lança plataforma para desenvolvedores - Startupi,"SINAIS do FUTURO imediato: #1, internet das coisas",Saiba como a Cisco está trabalhando com IoT e suas iniciativas para os empreendedores desse mercado - Startupi
4.74606E+18,How Pinterest Uses Machine Learning To Keep Its Users Pinned,How real businesses are using machine learning,Life Beyond Email: Chatbot Marketing,Can Artificial Intelligence Enhance The Mass Customization In The Fashion Sector ?,Addressing Accessibility for the Web,Building on Slack Saved Our Startup
6.95397E+18,"""Disrupção não depende da tecnologia, depende das pessoas"": as lições do cofundador do Waze - Startupi","SINAIS do FUTURO imediato: #1, internet das coisas",O que é benchmarking? Veja quando um concorrente se torna inspiração!,"Por dentro do Nubank, conheça os segredos da fintech mais festejada do país",Como o Trello foi de 4 a 17 milhões de usuários,Banco Original discute tendências dos serviços financeiros e lança plataforma para desenvolvedores - Startupi
8.64095E+18,The invention that helped me write again - BBC News,"Life Coach vs. Therapist, Learn the Difference | Tony Robbins",1º Fórum Sercomtel de IOT e Smart Cities será realizado no dia 4 de Novembro - Blog - Bonde. O seu portal,Taking the Apple Watch Nike+ for a spin,Former Google career coach shares a visual trick for figuring out what to do with your life,Optimizing the Performance of Vector Drawables - upday devs
2.00648E+18,Webinar Salesforce - Best Practices for Advanced Lightning Apps,Build Apps Faster with Salesforce - Webinar,Assessing Salesforce's platform and ecosystem | ZDNet,Salesforce adds some artificial intelligence to customer service products,Adobe Announces Cross-Device Co-op to Enable People-Based Marketing,Adobe and Microsoft Partner in the Azure Cloud to Help Businesses Transform Customer Engagement
-8.85453E+17,What Google AMP Means for Every Marketer,Google Tag Manager: Giving Mobile Tagging a Little Extra Love,7 Vital SEO Trends for Google Rankings in 2017 | Digital Current,Browser Trends December 2016: Mobile Overtakes Desktop,The Mobile Growth Stack: 2017 Edition - Mobile Growth Stack,The Complete Google Analytics Audit Checklist | Optimization Up
4.8954E+18,2. Why Drupal is ideal for ecommerce,4. Why ecommerce is essential for Drupal,6. What can Acquia and the community do now regarding Drupal and ecommerce?,0. The case for Drupal and Commerce,3. The case for Drupal and SaaS,Drupal 8 is 1 Year Old (AND YOU GET A PRIZE!)
7.20337E+18,1. Why ecommerce matters,4. Why ecommerce is essential for Drupal,0. The case for Drupal and Commerce,2. Why Drupal is ideal for ecommerce,6. What can Acquia and the community do now regarding Drupal and ecommerce?,3. The case for Drupal and SaaS
-2.40088E+18,0. The case for Drupal and Commerce,6. What can Acquia and the community do now regarding Drupal and ecommerce?,4. Why ecommerce is essential for Drupal,2. Why Drupal is ideal for ecommerce,7. What's in this for me?,3. The case for Drupal and SaaS
6.63421E+18,3. The case for Drupal and SaaS,Dries Distributions remain a growing opportunity for Drupal - Buytaert,4. Why ecommerce is essential for Drupal,0. The case for Drupal and Commerce,2. Why Drupal is ideal for ecommerce,Drupal 8 is 1 Year Old (AND YOU GET A PRIZE!)
6.86845E+18,7. What's in this for me?,"5. History lesson: Drupal Commerce, Commerce Guys, and Acquia",0. The case for Drupal and Commerce,6. What can Acquia and the community do now regarding Drupal and ecommerce?,4. Why ecommerce is essential for Drupal,2. Why Drupal is ideal for ecommerce
-2.73157E+17,4K movies come to the Google Play Movies & TV app,Hulu Acquires Recommendation Startup Video Genome Project,Asus ready to take bite of 'Pi' market with Tinker micro PC,Google Jamboard Is a Huge 4K Screen You Can Scribble On,Google's Cloud Machine Learning service is now in public beta,"9 trends you need to watch at CES 2017, from 'AI' assistants to 'AR' devices"
5.64282E+17,Scrum Community - Scrum Alliance,4 essential how-tos for dealing with scope creep,[Tools] See how the JIRA Portfolio team uses JIRA Portfolio,Jira - A Necessary Evil?,12 Agile principles,Seniority
9.62288E+17,Slack and Google announce partnership focused on better integrating their services,IBM Watson is about to make Slack's chat bot smarter,Building on Slack Saved Our Startup,Slack swips at Skype with video calls and reaction emoji,How the Communicator's Dilemma Made a 'Slack-lash' Inevitable,"Facebook Workplace officially launches on the web and iOS, set to compete head-on with Slack"
-6.24552E+18,Marketing To Millennials: 'Dope' Takeaways From 'Just Dance 2017',Understanding User Psychology: Thinking Like a Game Designer,The Sweet Way that Gamification Helps M&M's Boost Consumer Engagement - Gamification Co,Digitization and The Loss of Iconography - Posted by SYPartners,How AI helps marketers tell better stories,Breaking: Apple's Search Ads go LIVE!
-5.5708E+18,Magic Quadrant for Business Intelligence and Analytics Platforms,Gartner Reprint,How CIOs Leverage Business Intelligence to Drive Smarter Decision-Making,Improvements coming to the Google Analytics desktop UI,Assessing Salesforce's platform and ecosystem | ZDNet,How the Communicator's Dilemma Made a 'Slack-lash' Inevitable
-7.52918E+18,"Zo, Microsoft's latest attempt at a chatbot, is ready to converse on Kik app",Introducing Mini Courses with MS Chatbots,Introduction To Chatbots,Building a Facebook Chat Bot with Node and Heroku,Telegram Bolsters Bot API with New Gaming Functionality,Life Beyond Email: Chatbot Marketing
-4.35836E+18,Uma arquitetura de referência para a Internet das Coisas - Parte 1,"SINAIS do FUTURO imediato: #1, internet das coisas",Saiba como a Cisco está trabalhando com IoT e suas iniciativas para os empreendedores desse mercado - Startupi,O que é benchmarking? Veja quando um concorrente se torna inspiração!,Especialistas trazem tendências de UX para 2017 - KingHost,"Por dentro do Nubank, conheça os segredos da fintech mais festejada do país"
7.08817E+18,"Life Coach vs. Therapist, Learn the Difference | Tony Robbins",Cognizant Named a Digital Transformation Leader in the Life Science Industry,The invention that helped me write again - BBC News,Former Google career coach shares a visual trick for figuring out what to do with your life,Having Children Destroyed My Career,Don't Waste Your Time on Networking Events
3.38041E+18,GE integra inteligência artificial Alexa em uma lâmpada circular,"SINAIS do FUTURO imediato: #1, internet das coisas",Especialistas trazem tendências de UX para 2017 - KingHost,"Por dentro do Nubank, conheça os segredos da fintech mais festejada do país",A saga do jovem CEO da Dasa,"Entrevista com Alejandro Formanchuk: ""Funcionário não é público interno - é ator extremo"" - Blog do Love Mondays"
3.71612E+18,Aprendizado de máquina do Google pode detectar retinopatia diabética | Google Discovery,A saga do jovem CEO da Dasa,"Por dentro do Nubank, conheça os segredos da fintech mais festejada do país","SulAmérica continua investindo, apesar da crise - Sonho Seguro",Banco Original discute tendências dos serviços financeiros e lança plataforma para desenvolvedores - Startupi,Saiba como a Cisco está trabalhando com IoT e suas iniciativas para os empreendedores desse mercado - Startupi
-3.02092E+18,Hype Driven Development,Hype Driven Development,12 Agile principles,"The Languages, Frameworks and Tools You Should Learn in 2017",Standing on the Shoulders of Giants - Built to Adapt,Seniority
-2.09708E+18,"The Languages, Frameworks and Tools You Should Learn in 2017",Node.js Best Practices - How to Become a Better Developer in 2017 | @RisingStack,What's the Best Programming Language to Learn in 2017?,Four Node.js Gotchas that Operations Teams Should Know about - The New Stack,"Building A Modern, Scalable Backend: Modernizing Monolithic Applications",Machine Learning Is No Longer Just for Experts
-5.73622E+18,How Coca-Cola Is Harvesting Innovation Energy From Startups,Coca-Cola reportedly closes Founders startup incubator,"Have a Coke, take a photo and celebrate the Coke bottle's 100th anniversary using How-Old.net","Conheça Cris Grether, a diretora Global de Design que liderou, em Atlanta, a reformulação das embalagens de Coca-Cola",Innovation is in all the wrong places,How CIOs Leverage Business Intelligence to Drive Smarter Decision-Making
4.67742E+18,Deep Learning Race: A Survey of Industry Players' Strategies - Intuition Machine,"AI Pioneer Yoshua Bengio Is Launching Element.AI, a Deep-Learning Incubator",Why Deep Learning Is Suddenly Changing Your Life,Baidu Research grills AI models on deep learning,The Non-Technical Guide to Machine Learning & Artificial Intelligence - Machine Learnings,What DeepMind brings to Alphabet
-8.07868E+17,17 for '17: Microsoft researchers on what to expect in 2017 and 2027 - Next at Microsoft,Why Deep Learning Is Suddenly Changing Your Life,Machine Learning Is No Longer Just for Experts,Here's how The White House wants the U.S. to approach AI R&D,Top 10 Hot Artificial Intelligence (AI) Technologies,Baidu Research grills AI models on deep learning
-2.40589E+18,"""5G está para IoT como 4G esteve para o Smartphone"", saiba as apostas da Intel para 2017",Saiba como a Cisco está trabalhando com IoT e suas iniciativas para os empreendedores desse mercado - Startupi,Especialistas trazem tendências de UX para 2017 - KingHost,A saga do jovem CEO da Dasa,Black Friday salva o ano do e-commerce,Banco Original discute tendências dos serviços financeiros e lança plataforma para desenvolvedores - Startupi
-2.12329E+18,10 principles of business transformation,12 Agile principles,Why do you Fail at Growth Marketing and How to Solve it,The new tech talent you need to succeed in digital,Seniority,7 Tips to Create a Company Learning Culture like Google - Without Resources
6.56946E+18,"Google anuncia Android Things, plataforma para a Internet das Coisas | Google Discovery",Announcing updates to Google's Internet of Things platform: Android Things and Weave,Support Ended for Eclipse Android Developer Tools,My experience with Google's Associate Android Developer Certification,Mastercard lança plataforma de APIs abertas para soluções de pagamentos - Startupi,Banco Original discute tendências dos serviços financeiros e lança plataforma para desenvolvedores - Startupi
-2.37388E+18,OpenVpn rodando com Docker no Raspberry Pi,"SINAIS do FUTURO imediato: #1, internet das coisas",25 Coisas que Você Devia Começar a Fazer Agora que Tem 25 anos,O que é benchmarking? Veja quando um concorrente se torna inspiração!,Saiba como a Cisco está trabalhando com IoT e suas iniciativas para os empreendedores desse mercado - Startupi,"Por dentro do Nubank, conheça os segredos da fintech mais festejada do país"
1.87389E+16,"Bot do Facebook Messenger simula entrevista para o processo de ""3%""",Natura inova e cria bot para auxiliar consumidores a escolherem presentes de natal - Startupi,Globo G1 lança Bot para o Telegram que te ajuda a estudar para o Enem,Livros sobre liderança: os 10 melhores livros para bons líderes,Banco Original discute tendências dos serviços financeiros e lança plataforma para desenvolvedores - Startupi,25 Coisas que Você Devia Começar a Fazer Agora que Tem 25 anos
-1.87813E+18,The Ten Commandments of Egoless Programming,Don't document your code. Code your documentation.,What to look for in a code review ,Code.org 2016 Annual Report,Seniority,How Kotlin became our primary language for Android - UPTech Team
-1.25941E+18,Ranking 50 Maiores Empresas do E-commerce Brasileiro/2016,"5. History lesson: Drupal Commerce, Commerce Guys, and Acquia",7. What's in this for me?,Ibope revela lojas de e-commerce com maior recomendação no Brasil - B!T magazine,6. What can Acquia and the community do now regarding Drupal and ecommerce?,Top 5 conteúdos 2016 - Sensedia
-5.47324E+17,Senior Solution paga R$ 50 mi pela att/PS e reforça portfólio com software para core banking,"SulAmérica continua investindo, apesar da crise - Sonho Seguro",A saga do jovem CEO da Dasa,Black Friday salva o ano do e-commerce,Banco Original discute tendências dos serviços financeiros e lança plataforma para desenvolvedores - Startupi,O IPO é a saída para a Netshoes?
-6.65993E+18,How to E-Mail a Busy Person & get a Reply - Desk of van Schneider,Live asynchronously.,Stop Trying to Sound Smart When You're Writing,Seniority,13 Killer SEO Copywriting Tips (With Examples and A/B Tests),The Ultimate Digital Clean-Up Checklist: Are You Prepared For The New Year? - Smashing Magazine
-6.63962E+18,The Non-Technical Guide to Machine Learning & Artificial Intelligence - Machine Learnings,The Competitive Landscape for Machine Intelligence,The Competitive Landscape for Machine Intelligence,Why Deep Learning Is Suddenly Changing Your Life,Here's how The White House wants the U.S. to approach AI R&D,"AI Pioneer Yoshua Bengio Is Launching Element.AI, a Deep-Learning Incubator"
-1.32471E+18,4 essential how-tos for dealing with scope creep,[Tools] See how the JIRA Portfolio team uses JIRA Portfolio,Introducing JIRA Software for iPhone,Jira - A Necessary Evil?,12 Agile principles,Scrum Community - Scrum Alliance
-7.21511E+18,Announcing updates to Google's Internet of Things platform: Android Things and Weave,"Google anuncia Android Things, plataforma para a Internet das Coisas | Google Discovery",Support Ended for Eclipse Android Developer Tools,Google's Cloud Machine Learning service is now in public beta,8 must-see sessions for application developers at Google Cloud Next '17,Google Cloud Platform sets a course for new horizons
8.2898E+18,"Which countries study which languages, and what can we learn from it? | Making Duolingo Blog",Duolingo's chatbots help you learn a new language,The Three Language Acquisition Stages,What's the Best Programming Language to Learn in 2017?,Write Like You Talk,"The Languages, Frameworks and Tools You Should Learn in 2017"
4.7443E+18,containerd - a core container runtime project for the industry - Docker Blog,"Use Docker to build, test and push your Artifacts",Introducing Docker for Windows Server 2016 - Docker Blog,Testing a new Drupal 8 installation with 2 Docker commands,"Docker - Build, Ship, and Run Any App, Anywhere",Labelling automated builds on Docker Hub - Microscaling Systems
8.52604E+18,Cloud Native Part 1: Definition,Google Cloud Platform sets a course for new horizons,Standing on the Shoulders of Giants - Built to Adapt,"Google Cloud Machine Learning family grows with new API, editions and pricing",8 must-see sessions for application developers at Google Cloud Next '17,Introducing Google Cloud Shell's new code editor
2.28239E+18,Kickstarter 3D printer will print circuit boards as part of your designs,"Signs suggest that 101Hero, the $49 3D printer, was too good to be true",This 8-Page Website Generated Six-Figures in its First 8 Months - gaps,Innovation is in all the wrong places,12 Agile principles,Democratizing AI
-3.46205E+18,Support your Gmail users more easily with revamped bounce messages and message headers,Save time with Quick Access in Drive,New APIs Expand Line's Third Party Integration and Chatbot Capabilities,Building a Facebook Chat Bot with Node and Heroku,Stop Trying to Sound Smart When You're Writing,"Explore in Docs, Sheets and Slides makes work a breeze - and makes you look good, too"
7.4248E+18,7 Tips to Create a Company Learning Culture like Google - Without Resources,How real businesses are using machine learning,The Best Advice From Quora on 'How to Learn Machine Learning',Seniority,Why do you Fail at Growth Marketing and How to Solve it,10 principles of business transformation
6.76537E+18,What is Affective Computing And How Could Emotional Machines Change Our Lives?,The Competitive Landscape for Machine Intelligence,The Competitive Landscape for Machine Intelligence,Machine Learning Is No Longer Just for Experts,Why Deep Learning Is Suddenly Changing Your Life,How real businesses are using machine learning
-1.46303E+18,Transformação digital na Saúde: 3 pilares que devem ser reinventados - Saúde Business,Como a tecnologia está mudando o atendimento hospitalar,"SulAmérica continua investindo, apesar da crise - Sonho Seguro",Especialistas trazem tendências de UX para 2017 - KingHost,A saga do jovem CEO da Dasa,Saiba como a Cisco está trabalhando com IoT e suas iniciativas para os empreendedores desse mercado - Startupi
4.70245E+18,A Data Engineer's Guide To Non-Traditional Data Storages,"Practical advice for analysis of large, complex data sets",Lessons from Becoming a Data-Driven Organization,Engineers Shouldn't Write ETL: A Guide to Building a High Functioning Data Science Department,Stop Trying to Monetize Your Data - Built to Adapt,"Stream processing, Event sourcing, Reactive, CEP... and making sense of it all - Confluent"
2.47488E+18,Communication Within an Android App With EventBus,"What do you mean by ""Event-Driven""?","Stream processing, Event sourcing, Reactive, CEP... and making sense of it all - Confluent",Communication patterns in a Microservice world,Building Event-driven Microservices Using CQRS and Serverless,Don't Waste Your Time on Networking Events
-5.08227E+18,"SINAIS do FUTURO imediato: #1, internet das coisas",O que é benchmarking? Veja quando um concorrente se torna inspiração!,Saiba como a Cisco está trabalhando com IoT e suas iniciativas para os empreendedores desse mercado - Startupi,25 Coisas que Você Devia Começar a Fazer Agora que Tem 25 anos,"Por dentro do Nubank, conheça os segredos da fintech mais festejada do país",Uma arquitetura de referência para a Internet das Coisas - Parte 1
2.83407E+18,Plano Nacional de IoT chega em março com parceria entre MCTIC e BNDES,Plano nacional de ''internet das coisas'' sai em fevereiro,Saiba como a Cisco está trabalhando com IoT e suas iniciativas para os empreendedores desse mercado - Startupi,A saga do jovem CEO da Dasa,"SINAIS do FUTURO imediato: #1, internet das coisas",Especialistas trazem tendências de UX para 2017 - KingHost
-5.31478E+18,Android Fundamentals: IntentService Basics,Android process death - and the (big) implications for your app - Inloop,Microservices - When to React Vs. Orchestrate - Capital One DevExchange,"Stream processing, Event sourcing, Reactive, CEP... and making sense of it all - Confluent",Java 8 Streams - A Deeper Approach About Performance Improvement,Building a Facebook Chat Bot with Node and Heroku
6.00945E+18,[Tools] How to Record your Desktop Screen with YouTube,Slack swips at Skype with video calls and reaction emoji,My Approach to Mobile Accessibility Testing - Ministry of Testing,Hype Driven Development,Hype Driven Development,Building a Facebook Chat Bot with Node and Heroku
7.0657E+18,Nova regra do Banco Central pode significar o fim do Nubank; entenda - IDG Now!,Nubank pode fechar as portas se BC confirmar mudança amanhã,Nubank se pronuncia sobre possibilidade de ser fechado e decisão do BC; leia na íntegra,"Por dentro do Nubank, conheça os segredos da fintech mais festejada do país","[Hangout] StartSe promove hangout gratuito com Caio Poli, do Nubank; inscreva-se",Novas frentes de trabalho da Alelo vão de ações de fidelidade a novos meios de pagamento
2.05014E+18,"Dasa anuncia compra do laboratório Leme, da Bahia",Dasa compra rede de laboratórios SalomãoZoppi,Dasa compra maior rede de laboratórios do Nordeste,"Reestruturada, Dasa vai abrir 50 pontos e negocia aquisições",A saga do jovem CEO da Dasa,Sophia Genetics chega à América Latina para democratizar a Data-Driven Medicine
1.58012E+18,Zuckerberg mostra em vídeo do que sua inteligência artificial 'Jarvis' é capaz,A saga do jovem CEO da Dasa,Saiba como a Cisco está trabalhando com IoT e suas iniciativas para os empreendedores desse mercado - Startupi,"SINAIS do FUTURO imediato: #1, internet das coisas","Por dentro do Nubank, conheça os segredos da fintech mais festejada do país",O manual do deboísta corporativo
-2.46265E+18,Curso mbed na KL25Z - Primeiros passos - Embarcados,Banco Original discute tendências dos serviços financeiros e lança plataforma para desenvolvedores - Startupi,Novas frentes de trabalho da Alelo vão de ações de fidelidade a novos meios de pagamento,Saiba como a Cisco está trabalhando com IoT e suas iniciativas para os empreendedores desse mercado - Startupi,Como o Trello foi de 4 a 17 milhões de usuários,"SINAIS do FUTURO imediato: #1, internet das coisas"
4.57506E+17,Nubank se pronuncia sobre possibilidade de ser fechado e decisão do BC; leia na íntegra,"Por dentro do Nubank, conheça os segredos da fintech mais festejada do país",Nubank pode fechar as portas se BC confirmar mudança amanhã,Nova regra do Banco Central pode significar o fim do Nubank; entenda - IDG Now!,Banco Original discute tendências dos serviços financeiros e lança plataforma para desenvolvedores - Startupi,"[Hangout] StartSe promove hangout gratuito com Caio Poli, do Nubank; inscreva-se"
-7.28441E+16,"Reestruturada, Dasa vai abrir 50 pontos e negocia aquisições",A saga do jovem CEO da Dasa,"Por dentro do Nubank, conheça os segredos da fintech mais festejada do país",Black Friday salva o ano do e-commerce,Dasa compra rede de laboratórios SalomãoZoppi,Saiba como a Cisco está trabalhando com IoT e suas iniciativas para os empreendedores desse mercado - Startupi
2.43824E+18,Jira - A Necessary Evil?,Introducing JIRA Software for iPhone,[Tools] See how the JIRA Portfolio team uses JIRA Portfolio,4 essential how-tos for dealing with scope creep,12 Agile principles,Scrum Community - Scrum Alliance
7.03903E+18,"Infracommerce, operadora de e-commerce da Ambev e Alpargatas, recebe aporte de R$ 40 mi",A saga do jovem CEO da Dasa,Especialistas trazem tendências de UX para 2017 - KingHost,Black Friday salva o ano do e-commerce,"Por dentro do Nubank, conheça os segredos da fintech mais festejada do país","""5G está para IoT como 4G esteve para o Smartphone"", saiba as apostas da Intel para 2017"
-1.66344E+18,Nubank pode fechar as portas se BC confirmar mudança amanhã,Nova regra do Banco Central pode significar o fim do Nubank; entenda - IDG Now!,Nubank se pronuncia sobre possibilidade de ser fechado e decisão do BC; leia na íntegra,"Por dentro do Nubank, conheça os segredos da fintech mais festejada do país",Banco Original discute tendências dos serviços financeiros e lança plataforma para desenvolvedores - Startupi,A saga do jovem CEO da Dasa
5.70187E+18,Apresentação da nova placa de desenvolvimento Arduino MKRZero -,Comunicação entre Arduino e ROS através do pacote rosserial_arduino,"STEMTera, uma protoboard com Arduino Uno embutido",25 Coisas que Você Devia Começar a Fazer Agora que Tem 25 anos,Saiba como a Cisco está trabalhando com IoT e suas iniciativas para os empreendedores desse mercado - Startupi,Especialistas trazem tendências de UX para 2017 - KingHost
2.37946E+18,[Canais Digitais] Banco Agiplan lança app que elimina intermediários ou pagamento de taxas - E-Commerce News,Como o Banco do Brasil está inovando e incentivando o intraempreendedorismo,Banco Original discute tendências dos serviços financeiros e lança plataforma para desenvolvedores - Startupi,Especialistas trazem tendências de UX para 2017 - KingHost,Novas frentes de trabalho da Alelo vão de ações de fidelidade a novos meios de pagamento,Como o Trello foi de 4 a 17 milhões de usuários
-2.7155E+18,Improving Drupal 8's API-first: JSON API and OAuth2?,Drupal 8 is 1 Year Old (AND YOU GET A PRIZE!),The investment case for employing a Drupal core contributor - Dries Buytaert,Dries Distributions remain a growing opportunity for Drupal - Buytaert,2. Why Drupal is ideal for ecommerce,0. The case for Drupal and Commerce
-7.905E+18,Hulu Acquires Recommendation Startup Video Genome Project,4K movies come to the Google Play Movies & TV app,Twitter is shutting down Vine,Tailoring your integration approach to specific deals,Slack swips at Skype with video calls and reaction emoji,"9 trends you need to watch at CES 2017, from 'AI' assistants to 'AR' devices"
9.0264E+18,Building interfaces with ConstraintLayout - Google Developers,ConstraintLayout - Part 1,How to build cross-platform mobile apps using nothing more than a JSON markup,Using Display Suite in Drupal 8: How to Customize Content Pages - WebWash,Advanced Android Espresso,RecyclerView Prefetch - Google Developers
-8.93353E+18,RecyclerView Prefetch - Google Developers,Advanced Android Espresso,How to build cross-platform mobile apps using nothing more than a JSON markup,Using DiffUtil in Android RecyclerView,"Front-End Performance Checklist 2017 (PDF, Apple Pages) - Smashing Magazine",Pury - New Way to Profile Your Android Application
-1.41504E+18,"Google Cloud Platform icons and sample architectural diagrams, for your designing pleasure",8 must-see sessions for application developers at Google Cloud Next '17,Google Cloud Platform sets a course for new horizons,Introducing Google Cloud Shell's new code editor,"Google Cloud Machine Learning family grows with new API, editions and pricing",Centrally manage all your Google Cloud resources with Cloud Resource Manager
7.51174E+18,7 Ways Meditation Can Actually Change The Brain,Seniority,Google DeepMind researchers built a deep-learning system capable of learning from very little data.,What is Affective Computing And How Could Emotional Machines Change Our Lives?,12 Agile principles,New Trend Briefing from TrendWatching | AUTONOMANIA!
-4.60802E+18,Graphene and Silly Putty Creates a Super-Sensitive Strain Sensor,Graphene-based Antenna Still Looking for Path to Commercialization,Road to Polymer 2.0,"Cheap, Rugged Sweat-Sensing Skin Patch Hints at Bloodless Testing",How Mobile Health Apps and Wearables Could Actually Make People Sicker,Home-Made Twitter and Gmail Notifications with PHP and Arduino
-1.57225E+18,LPIC-OT DevOps Engineer | Linux Professional Institute,Discutindo Devops na Prática,Moving the Drupal 8 workflow initiative along,The new tech talent you need to succeed in digital,Engineers Shouldn't Write ETL: A Guide to Building a High Functioning Data Science Department,"Use Docker to build, test and push your Artifacts"
-4.3415E+17,Andrew Ng: What AI Can and Can't Do,Here's how The White House wants the U.S. to approach AI R&D,Top 10 Hot Artificial Intelligence (AI) Technologies,Democratizing AI,"AI Pioneer Yoshua Bengio Is Launching Element.AI, a Deep-Learning Incubator","Facebook, Amazon, Google, IBM and Microsoft come together to create historic Partnership on AI"
4.86662E+18,Siemens and General Electric gear up for the internet of things,GE Digital snags ServiceMax for $915 million,Lessons from Becoming a Data-Driven Organization,"JPMorgan Software Does in Seconds What Took Lawyers 360,000 Hours",The new tech talent you need to succeed in digital,The Competitive Landscape for Machine Intelligence
8.65992E+18,5 Latin Trends for 2017 | TrendWatching,5 Asian Trends for 2017,BACK FROM THE DEAD - TrendWatching,trendwatching.com | 5 Trends for 2017 | TrendWatching,"Cross-industry innovations for agriculture | Deloitte Australia | Consumer & Industrial products, Technology",Top 10 Insurtech Trends for 2017 - Insurance Thought Leadership
-7.65513E+18,BMW mostra conceito de tela touch flutuante em painéis automotivos,Especialistas trazem tendências de UX para 2017 - KingHost,TI Bimodal? Receita para o desastre...,"SINAIS do FUTURO imediato: #1, internet das coisas",Black Friday salva o ano do e-commerce,O que é benchmarking? Veja quando um concorrente se torna inspiração!
-4.73824E+18,A compra de alimentos online é nova fronteira do e-commerce mundial,Especialistas trazem tendências de UX para 2017 - KingHost,Black Friday salva o ano do e-commerce,Banco Original discute tendências dos serviços financeiros e lança plataforma para desenvolvedores - Startupi,"SulAmérica continua investindo, apesar da crise - Sonho Seguro",Saiba como a Cisco está trabalhando com IoT e suas iniciativas para os empreendedores desse mercado - Startupi
2.93019E+18,Node.js Best Practices - How to Become a Better Developer in 2017 | @RisingStack,Four Node.js Gotchas that Operations Teams Should Know about - The New Stack,"The Languages, Frameworks and Tools You Should Learn in 2017",How it feels to learn Javascript in 2016,The Ultimate Solution to Versioning REST APIs: Content Negotiation,Introduction To Chatbots
4.28487E+17,Most Interesting APIs in 2016: Cognitive Computing,"Google Cloud Machine Learning family grows with new API, editions and pricing","Google Cloud Endpoints now generally available: a fast, scalable API gateway",The Java 8 API Design Principles,Using Microservices Architecture as API Enablement Strategy,Improving Drupal 8's API-first: JSON API and OAuth2?
2.23317E+17,How to move an entire government to a new digital platform - Dries Buytaert,Sharing innovation with your competitors - Dries Buytaert,Enterprise Open Source Programs Flourish -- In Tech and Elsewhere,Dries Buytaert,Here's how The White House wants the U.S. to approach AI R&D,"Acquia Releases Lightning for Drupal 8, Enabling Fast Starts for Digital Experience Deployments [July 19, 2016]"
-7.52551E+18,These Are The 10 Most Purchased Brands in the World,"Have a Coke, take a photo and celebrate the Coke bottle's 100th anniversary using How-Old.net",Unilever: The biggest digital start-up in the world?,Large CPGs are under attack by startups... and consumers are winning,The future of traditional retail is digital,We are on the verge of a consumer M&A avalanche
3.13491E+16,"9 trends you need to watch at CES 2017, from 'AI' assistants to 'AR' devices","Robotics, VR Content Take Center Stage at CES, But Where Is Cannabiz?","Facebook, Amazon, Google, IBM and Microsoft come together to create historic Partnership on AI",A smart home is where the bot is,trendwatching.com | 5 Trends for 2017 | TrendWatching,Innovation is in all the wrong places
6.64244E+18,Governo abre consulta pública para Plano Nacional de IoT | NOTÍCIAS - Brasscom,Plano nacional de ''internet das coisas'' sai em fevereiro,Plano Nacional de IoT chega em março com parceria entre MCTIC e BNDES,"SINAIS do FUTURO imediato: #1, internet das coisas",Uma arquitetura de referência para a Internet das Coisas - Parte 1,Como o Banco do Brasil está inovando e incentivando o intraempreendedorismo
-8.31463E+18,Hacked Website Report - 2016/Q3,Exploited Script in WordPress Themes Send Spam,Speed Up a WordPress Website in 8 Steps,Debugging WordPress: 11 Powerful Tips and Techniques,Learn About the PHP Trends and Predictions for 2017,Mark A Trello Card As Done (And Drop The Mic On That Task)
4.89101E+18,Introducing Kotlin support in Spring Framework 5.0,Lessons from converting an app to 100% Kotlin - Keepsafe Engineering,"A Geospatial Messenger with Kotlin, Spring Boot and PostgreSQL","Kotlin in Production - What works, Whats broken",How Kotlin became our primary language for Android - UPTech Team,Kotlin no Backend (Parte 2) :: Concrete Solutions
6.85074E+17,[Tools] See how the JIRA Portfolio team uses JIRA Portfolio,Introducing JIRA Software for iPhone,4 essential how-tos for dealing with scope creep,Jira - A Necessary Evil?,12 Agile principles,Scrum Community - Scrum Alliance
4.54621E+18,Como o Trello foi de 4 a 17 milhões de usuários,Banco Original discute tendências dos serviços financeiros e lança plataforma para desenvolvedores - Startupi,Especialistas trazem tendências de UX para 2017 - KingHost,"SINAIS do FUTURO imediato: #1, internet das coisas",O que é benchmarking? Veja quando um concorrente se torna inspiração!,Saiba como a Cisco está trabalhando com IoT e suas iniciativas para os empreendedores desse mercado - Startupi
-7.38423E+18,Coca-Cola reportedly closes Founders startup incubator,How Coca-Cola Is Harvesting Innovation Energy From Startups,"Have a Coke, take a photo and celebrate the Coke bottle's 100th anniversary using How-Old.net",Ask a Female Engineer: Joining a Startup,"Conheça Cris Grether, a diretora Global de Design que liderou, em Atlanta, a reformulação das embalagens de Coca-Cola",So you want to sell to banks?
-5.68013E+18,7 Top CRM Trends for 2017: A Look Ahead,Democratizing AI,The Mobile Growth Stack: 2017 Edition - Mobile Growth Stack,Banking Needs a Customer Experience Wake-Up Call,A smart home is where the bot is,Using behavioral data to improve customer satisfaction
6.72199E+17,Labelling automated builds on Docker Hub - Microscaling Systems,"Use Docker to build, test and push your Artifacts",Introducing Docker for Windows Server 2016 - Docker Blog,Drupal 8 CI/CD with Docker via Jenkins. Part 1: Integration,"Docker - Build, Ship, and Run Any App, Anywhere",Testing a new Drupal 8 installation with 2 Docker commands
-6.8519E+18,Google Maps agora mostra se local tem entrada com acessibilidade | Google Discovery,Google lança experimentos com inteligência artificial | Google Discovery,"A.I. Duet, crie melodias usando o aprendizado de máquina do Google | Google Discovery",Google planeja ferramentas de inteligência artificial para Raspberry Pi | Google Discovery,Inteligência artificial do Google aprende a aprimorar fotos como nos filmes | Google Discovery,Google usa aprendizado de máquina para melhorar imagens de baixa qualidade | Google Discovery
-8.14611E+18,"Entrevista com Alejandro Formanchuk: ""Funcionário não é público interno - é ator extremo"" - Blog do Love Mondays","SINAIS do FUTURO imediato: #1, internet das coisas",O que é benchmarking? Veja quando um concorrente se torna inspiração!,"Por dentro do Nubank, conheça os segredos da fintech mais festejada do país",Saiba como a Cisco está trabalhando com IoT e suas iniciativas para os empreendedores desse mercado - Startupi,Banco Original discute tendências dos serviços financeiros e lança plataforma para desenvolvedores - Startupi
6.22707E+18,6 New Tech Gadgets That Will Simplify Your Life in 2017,The Ultimate Digital Clean-Up Checklist: Are You Prepared For The New Year? - Smashing Magazine,9 Rules of Open-Office Etiquette,"9 trends you need to watch at CES 2017, from 'AI' assistants to 'AR' devices",Live asynchronously.,Introducing Mini Courses with MS Chatbots
2.38493E+18,Google HR chief Laszlo Bock leaving to launch startup,Google's Cloud Machine Learning service is now in public beta,"Google saves Allo conversations, a win for machine learning but a loss for privacy - Tech2","Spanner, the Google Database That Mastered Time, Is Now Open to Everyone",7 Vital SEO Trends for Google Rankings in 2017 | Digital Current,This 8-Page Website Generated Six-Figures in its First 8 Months - gaps
-6.83688E+18,Best of CES 2017: The Show's 10 Coolest Designs,"9 trends you need to watch at CES 2017, from 'AI' assistants to 'AR' devices","Robotics, VR Content Take Center Stage at CES, But Where Is Cannabiz?",Time to Re-Think Design Thinking,Why Many Smart Contract Use Cases Are Simply Impossible - CoinDesk,Why Many Smart Contract Use Cases Are Simply Impossible - CoinDesk
7.83535E+18,Kit de sensor BLE alimentado por energia solar,Uma arquitetura de referência para a Internet das Coisas - Parte 1,Especialistas trazem tendências de UX para 2017 - KingHost,Saiba como a Cisco está trabalhando com IoT e suas iniciativas para os empreendedores desse mercado - Startupi,"SINAIS do FUTURO imediato: #1, internet das coisas","""5G está para IoT como 4G esteve para o Smartphone"", saiba as apostas da Intel para 2017"
-5.92465E+18,Robô da IBM substitui 34 funcionários de empresa no Japão,Aplicações da Inteligência artificial | Endeavor Brasil,"Como a inteligência artificial já muda mercados, da gastronomia ao petróleo - Startupi",A saga do jovem CEO da Dasa,"IBM e Visa transformam automóveis, eletrodomésticos e outros dispositivos conectados em potenciais pontos de vendas",Especialistas trazem tendências de UX para 2017 - KingHost
3.66099E+18,Discutindo Devops na Prática,LPIC-OT DevOps Engineer | Linux Professional Institute,Aplicações da Inteligência artificial | Endeavor Brasil,"SINAIS do FUTURO imediato: #1, internet das coisas","Como a inteligência artificial já muda mercados, da gastronomia ao petróleo - Startupi",Livros sobre liderança: os 10 melhores livros para bons líderes
3.56262E+18,Nova iniciativa busca desenvolver o ecossistema de Fintechs da América Latina,Banco Original discute tendências dos serviços financeiros e lança plataforma para desenvolvedores - Startupi,Saiba como a Cisco está trabalhando com IoT e suas iniciativas para os empreendedores desse mercado - Startupi,Especialistas trazem tendências de UX para 2017 - KingHost,A saga do jovem CEO da Dasa,Que novas oportunidades poderemos criar com Blockchain? - CIO
-1.66856E+18,Bot da Chevrolet te ajuda a alcançar as resoluções de ano novo,Especialistas trazem tendências de UX para 2017 - KingHost,"Por dentro do Nubank, conheça os segredos da fintech mais festejada do país",Saiba como a Cisco está trabalhando com IoT e suas iniciativas para os empreendedores desse mercado - Startupi,Black Friday salva o ano do e-commerce,A saga do jovem CEO da Dasa
2.23175E+18,Road to Polymer 2.0,Things you probably didn't know you could do with Chrome's Developer Console,Graphene and Silly Putty Creates a Super-Sensitive Strain Sensor,The Java 8 API Design Principles,15 Interesting JavaScript and CSS Libraries for October 2016,The Ultimate Solution to Versioning REST APIs: Content Negotiation
5.0374E+18,Cognizant Named a Digital Transformation Leader in the Life Science Industry,Five things to include in your digital transformation playbook,The new tech talent you need to succeed in digital,Accenture and Adboe team on customer enegagement,Digital Tool as Strategic Enabler for Banking Transformation,Where is the bank's digital vision? - Chris Skinner's blog
-8.9342E+18,[PayPal] Postos Shell adotam pagamento no smartphone,"Por dentro do Nubank, conheça os segredos da fintech mais festejada do país",Especialistas trazem tendências de UX para 2017 - KingHost,Saiba como a Cisco está trabalhando com IoT e suas iniciativas para os empreendedores desse mercado - Startupi,Novas frentes de trabalho da Alelo vão de ações de fidelidade a novos meios de pagamento,Como o Trello foi de 4 a 17 milhões de usuários
5.93081E+18,Five things to include in your digital transformation playbook,Where is the bank's digital vision? - Chris Skinner's blog,Digital Tool as Strategic Enabler for Banking Transformation,Digital Leadership Is Not an Optional Part of Being a CEO,The new tech talent you need to succeed in digital,Banking Needs a Customer Experience Wake-Up Call
-6.44449E+18,Novo padrão de rede cabeada pode oferecer até 5 Gbps transferência de dados,Especialistas trazem tendências de UX para 2017 - KingHost,Saiba como a Cisco está trabalhando com IoT e suas iniciativas para os empreendedores desse mercado - Startupi,"Por dentro do Nubank, conheça os segredos da fintech mais festejada do país","SINAIS do FUTURO imediato: #1, internet das coisas",O que é liderança? Liderança é fazer a diversidade funcionar.
5.69574E+17,Mastering Bash and Terminal,Command-line utilities,How to use Docker to run ASP.NET Core apps on Google App Engine,Introducing Google Cloud Shell's new code editor,Building a Facebook Chat Bot with Node and Heroku,"Use Docker to build, test and push your Artifacts"
6.09768E+18,The Mobile Growth Stack: 2017 Edition - Mobile Growth Stack,3 Pillars of the Most Successful Tech Products,How to Embrace Constant Change in Growth,Breaking: Apple's Search Ads go LIVE!,Why do you Fail at Growth Marketing and How to Solve it,Life Beyond Email: Chatbot Marketing
6.56572E+18,Learn About the PHP Trends and Predictions for 2017,20 Awesome PHP Libraries For Early 2017,Debugging WordPress: 11 Powerful Tips and Techniques,Home-Made Twitter and Gmail Notifications with PHP and Arduino,What's the Best Programming Language to Learn in 2017?,"The Languages, Frameworks and Tools You Should Learn in 2017"
1.53221E+18,Understanding User Psychology: Thinking Like a Game Designer,Bringing Pokémon GO to life on Google Cloud,Marketing To Millennials: 'Dope' Takeaways From 'Just Dance 2017',Digitization and The Loss of Iconography - Posted by SYPartners,Time to Re-Think Design Thinking,7 Tips to Create a Company Learning Culture like Google - Without Resources
1.95499E+18,"Goal Setting: Don't Lose Motivation! "" Mind Tools Blog",Former Google career coach shares a visual trick for figuring out what to do with your life,"Life Coach vs. Therapist, Learn the Difference | Tony Robbins",3 Pillars of the Most Successful Tech Products,[Tools] See how the JIRA Portfolio team uses JIRA Portfolio,13 Killer SEO Copywriting Tips (With Examples and A/B Tests)
-7.12037E+18,É chegada a hora do desenvolvimento de software orientado por hipóteses - CIO,Especialistas trazem tendências de UX para 2017 - KingHost,"SINAIS do FUTURO imediato: #1, internet das coisas",Para inovar é preciso mais do que boas ideias - Startupi,Saiba como a Cisco está trabalhando com IoT e suas iniciativas para os empreendedores desse mercado - Startupi,O que é benchmarking? Veja quando um concorrente se torna inspiração!
-2.03405E+18,Aplicação de visão computacional com OpenCV,"SINAIS do FUTURO imediato: #1, internet das coisas",Especialistas trazem tendências de UX para 2017 - KingHost,Saiba como a Cisco está trabalhando com IoT e suas iniciativas para os empreendedores desse mercado - Startupi,"""5G está para IoT como 4G esteve para o Smartphone"", saiba as apostas da Intel para 2017",A saga do jovem CEO da Dasa
-4.66857E+18,Monitorando Aplicações PHP com Prometheus,Gestão de Dados: 10 questões básicas sobre seu uso,Micro Profile JavaEE com Wildfly Swarm,Especialistas trazem tendências de UX para 2017 - KingHost,O futuro das interfaces: Chatbots - Tableless,Saiba como a Cisco está trabalhando com IoT e suas iniciativas para os empreendedores desse mercado - Startupi
6.21411E+18,A Arte de Fazer o Dobro do Trabalho na Metade do Tempo sem Scrum,"SINAIS do FUTURO imediato: #1, internet das coisas",Saiba como a Cisco está trabalhando com IoT e suas iniciativas para os empreendedores desse mercado - Startupi,"Por dentro do Nubank, conheça os segredos da fintech mais festejada do país",O que é benchmarking? Veja quando um concorrente se torna inspiração!,Especialistas trazem tendências de UX para 2017 - KingHost
-6.85143E+18,Home-Made Twitter and Gmail Notifications with PHP and Arduino,Learn About the PHP Trends and Predictions for 2017,Debugging WordPress: 11 Powerful Tips and Techniques,The Ultimate Digital Clean-Up Checklist: Are You Prepared For The New Year? - Smashing Magazine,20 Awesome PHP Libraries For Early 2017,What to look for in a code review 
-8.94823E+18,Nova pulseira tecnológica avisa se você já bebeu demais,Especialistas trazem tendências de UX para 2017 - KingHost,O que é benchmarking? Veja quando um concorrente se torna inspiração!,Saiba como a Cisco está trabalhando com IoT e suas iniciativas para os empreendedores desse mercado - Startupi,"SINAIS do FUTURO imediato: #1, internet das coisas",25 Coisas que Você Devia Começar a Fazer Agora que Tem 25 anos
-6.34894E+18,Digital transformation in the Premier League: Southampton FC's fan-first strategy,Moving the Drupal 8 workflow initiative along,7 Tips to Create a Company Learning Culture like Google - Without Resources,7 Vital SEO Trends for Google Rankings in 2017 | Digital Current,Five things to include in your digital transformation playbook,The Complete Google Analytics Audit Checklist | Optimization Up
6.40761E+18,And the winner of Startup Battlefield at Disrupt SF 2016 is... Seenit,4K movies come to the Google Play Movies & TV app,Ask a Female Engineer: Joining a Startup,Oculus acquires eye-tracking startup The Eye Tribe,Coca-Cola reportedly closes Founders startup incubator,How real businesses are using machine learning
3.62899E+17,Creating Code Coverage Reports for Unit and Integration Tests With the JaCoCo Maven Plugin,Don't document your code. Code your documentation.,Expanding our IDE support with a new Eclipse plugin for App Engine,Tailoring your integration approach to specific deals,What to look for in a code review ,15 Awesome Sublime Text Plugins For Web Development
3.44045E+18,"Conheça Cris Grether, a diretora Global de Design que liderou, em Atlanta, a reformulação das embalagens de Coca-Cola","Por dentro do Nubank, conheça os segredos da fintech mais festejada do país","SINAIS do FUTURO imediato: #1, internet das coisas",A saga do jovem CEO da Dasa,Saiba como a Cisco está trabalhando com IoT e suas iniciativas para os empreendedores desse mercado - Startupi,Banco Original discute tendências dos serviços financeiros e lança plataforma para desenvolvedores - Startupi
7.37548E+18,Deep Learning AI for NASA Powers Earth Robots,Andrew Ng: What AI Can and Can't Do,Here's how The White House wants the U.S. to approach AI R&D,"AI Pioneer Yoshua Bengio Is Launching Element.AI, a Deep-Learning Incubator",Top 10 Hot Artificial Intelligence (AI) Technologies,Why Deep Learning Is Suddenly Changing Your Life
-3.19101E+18,Robô acha de almoço de 12 kg a cervejas pagas pelo cidadão,A saga do jovem CEO da Dasa,"Por dentro do Nubank, conheça os segredos da fintech mais festejada do país",Saiba como a Cisco está trabalhando com IoT e suas iniciativas para os empreendedores desse mercado - Startupi,Banco Original discute tendências dos serviços financeiros e lança plataforma para desenvolvedores - Startupi,"SINAIS do FUTURO imediato: #1, internet das coisas"
3.70435E+18,Medindo vazão utilizando sensor ultra-sônico de distância - Embarcados,Uma arquitetura de referência para a Internet das Coisas - Parte 1,"SINAIS do FUTURO imediato: #1, internet das coisas",A Arte de Fazer o Dobro do Trabalho na Metade do Tempo sem Scrum,Java Garbage Collection Essencial,"Por dentro do Nubank, conheça os segredos da fintech mais festejada do país"
3.75077E+18,What DeepMind brings to Alphabet,Here's how The White House wants the U.S. to approach AI R&D,Andrew Ng: What AI Can and Can't Do,Google DeepMind researchers built a deep-learning system capable of learning from very little data.,"AI Pioneer Yoshua Bengio Is Launching Element.AI, a Deep-Learning Incubator",Why Deep Learning Is Suddenly Changing Your Life
-2.70802E+18,SAMSUNG OCEAN - Novas turmas de treinamento de 2017 - Embarcados,1º Fórum Sercomtel de IOT e Smart Cities será realizado no dia 4 de Novembro - Blog - Bonde. O seu portal,Vídeos de testes unitários em sistemas embarcados - Embarcados,TI Bimodal? Receita para o desastre...,É chegada a hora do desenvolvimento de software orientado por hipóteses - CIO,Especialistas trazem tendências de UX para 2017 - KingHost
8.30295E+18,What makes a good (Android) Software Engineer,The new tech talent you need to succeed in digital,Seniority,Engineers Shouldn't Write ETL: A Guide to Building a High Functioning Data Science Department,My experience with Google's Associate Android Developer Certification,Support Ended for Eclipse Android Developer Tools
7.98649E+18,"Robotics, VR Content Take Center Stage at CES, But Where Is Cannabiz?","9 trends you need to watch at CES 2017, from 'AI' assistants to 'AR' devices",trendwatching.com | 5 Trends for 2017 | TrendWatching,How Robots Can Acquire New Skills from Their Shared Experience,Oculus acquires eye-tracking startup The Eye Tribe,"Facebook, Amazon, Google, IBM and Microsoft come together to create historic Partnership on AI"
3.0868E+18,Veja como funciona o assistente da Adobe que faz edições com comandos de voz,"SINAIS do FUTURO imediato: #1, internet das coisas",O que é benchmarking? Veja quando um concorrente se torna inspiração!,Especialistas trazem tendências de UX para 2017 - KingHost,De piada sobre TPM a servir cafezinho: como lidar com machismo no trabalho?,Saiba como a Cisco está trabalhando com IoT e suas iniciativas para os empreendedores desse mercado - Startupi
-9.02096E+18,KFC chinês adota robô que escaneia clientes para sugerir menu - Startupi,"SINAIS do FUTURO imediato: #1, internet das coisas",Saiba como a Cisco está trabalhando com IoT e suas iniciativas para os empreendedores desse mercado - Startupi,Especialistas trazem tendências de UX para 2017 - KingHost,"Por dentro do Nubank, conheça os segredos da fintech mais festejada do país",A saga do jovem CEO da Dasa
3.09135E+18,What's the Best Programming Language to Learn in 2017?,"The Languages, Frameworks and Tools You Should Learn in 2017",The Three Language Acquisition Stages,Learn About the PHP Trends and Predictions for 2017,Machine Learning Is No Longer Just for Experts,20 Awesome PHP Libraries For Early 2017
7.41904E+18,This 8-Page Website Generated Six-Figures in its First 8 Months - gaps,7 Vital SEO Trends for Google Rankings in 2017 | Digital Current,13 Killer SEO Copywriting Tips (With Examples and A/B Tests),The Complete Google Analytics Audit Checklist | Optimization Up,The Ultimate Guide to SEO Reporting: Starting with the Basics,Breaking: Apple's Search Ads go LIVE!
-5.81321E+18,Communication patterns in a Microservice world,"What do you mean by ""Event-Driven""?","Stream processing, Event sourcing, Reactive, CEP... and making sense of it all - Confluent",Microservices - When to React Vs. Orchestrate - Capital One DevExchange,Building Event-driven Microservices Using CQRS and Serverless,Communication Within an Android App With EventBus
-2.38615E+18,Vídeos de testes unitários em sistemas embarcados - Embarcados,"SINAIS do FUTURO imediato: #1, internet das coisas",Especialistas trazem tendências de UX para 2017 - KingHost,Saiba como a Cisco está trabalhando com IoT e suas iniciativas para os empreendedores desse mercado - Startupi,Banco Original discute tendências dos serviços financeiros e lança plataforma para desenvolvedores - Startupi,"Por dentro do Nubank, conheça os segredos da fintech mais festejada do país"
-1.99947E+18,"Docker - Build, Ship, and Run Any App, Anywhere","Use Docker to build, test and push your Artifacts",Drupal 8 CI/CD with Docker via Jenkins. Part 1: Integration,Labelling automated builds on Docker Hub - Microscaling Systems,Introducing Docker for Windows Server 2016 - Docker Blog,containerd - a core container runtime project for the industry - Docker Blog
-7.11316E+18,Arquitetura de Microserviços habilitando APIs - Sensedia,Top 5 conteúdos 2016 - Sensedia,Especialistas trazem tendências de UX para 2017 - KingHost,"SINAIS do FUTURO imediato: #1, internet das coisas",Banco Original discute tendências dos serviços financeiros e lança plataforma para desenvolvedores - Startupi,Saiba como a Cisco está trabalhando com IoT e suas iniciativas para os empreendedores desse mercado - Startupi
-6.59082E+18,Listas com RecyclerView - Android Dev BR,"SINAIS do FUTURO imediato: #1, internet das coisas","Por dentro do Nubank, conheça os segredos da fintech mais festejada do país",Saiba como a Cisco está trabalhando com IoT e suas iniciativas para os empreendedores desse mercado - Startupi,Especialistas trazem tendências de UX para 2017 - KingHost,Java Garbage Collection Essencial
5.66929E+18,"Signs suggest that 101Hero, the $49 3D printer, was too good to be true",Kickstarter 3D printer will print circuit boards as part of your designs,BACK FROM THE DEAD - TrendWatching,5 Asian Trends for 2017,Where is the bank's digital vision? - Chris Skinner's blog,Five things to include in your digital transformation playbook
5.48406E+18,The Ultimate Solution to Versioning REST APIs: Content Negotiation,Centrally manage all your Google Cloud resources with Cloud Resource Manager,Improving Drupal 8's API-first: JSON API and OAuth2?,The Java 8 API Design Principles,"Where, how much, and how: Answering the hardest questions of resource allocation","Building A Modern, Scalable Backend: Modernizing Monolithic Applications"
6.23631E+18,5 Asian Trends for 2017,5 Latin Trends for 2017 | TrendWatching,BACK FROM THE DEAD - TrendWatching,trendwatching.com | 5 Trends for 2017 | TrendWatching,"Cross-industry innovations for agriculture | Deloitte Australia | Consumer & Industrial products, Technology",Top 10 Insurtech Trends for 2017 - Insurance Thought Leadership
2.95264E+18,Rewiring Citi for the digital age,The new tech talent you need to succeed in digital,Digital Tool as Strategic Enabler for Banking Transformation,Where is the bank's digital vision? - Chris Skinner's blog,12 Agile principles,Five things to include in your digital transformation playbook
6.84416E+18,Mapping the Global NeoBank Landscape - Techfoliance,Blockchain Will Be Used By 15% of Big Banks By 2017,Digital Tool as Strategic Enabler for Banking Transformation,So you want to sell to banks?,Banking Needs a Customer Experience Wake-Up Call,Where is the bank's digital vision? - Chris Skinner's blog
8.42451E+18,4 Blockchain Macro Trends: Where to Place Your Bets,Why Many Smart Contract Use Cases Are Simply Impossible - CoinDesk,Why Many Smart Contract Use Cases Are Simply Impossible - CoinDesk,Blockchain Will Be Used By 15% of Big Banks By 2017,Money 20/20 Panel: Artificial Intelligence and Machine Learning,Blockchain startup R3 cuts fund-raising target to $150 million: source
-6.72884E+18,Seniority,12 Agile principles,Ask a Female Engineer: Joining a Startup,What to look for in a code review ,Introducing Ask a Female Engineer,Why do you Fail at Growth Marketing and How to Solve it
7.58101E+18,"The Three R's of Enterprise Security: Rotate, Repave, and Repair - Built to Adapt",How do you sell SaaS software to enterprise businesses?,The internet of stings,"Largest botnet attack in history peaks at over 1 terabits per second, aided by Internet of Things",What Happens When No One and Everyone Owns a Product? - Built to Adapt,12 Agile principles
-2.18402E+18,Moving the Drupal 8 workflow initiative along,Drupal 8 is 1 Year Old (AND YOU GET A PRIZE!),The investment case for employing a Drupal core contributor - Dries Buytaert,2. Why Drupal is ideal for ecommerce,A plan for media management in Drupal 8,Introducing the Workspace Preview System | Acquia Lightning
-9.19457E+18,"STEMTera, uma protoboard com Arduino Uno embutido",Comunicação entre Arduino e ROS através do pacote rosserial_arduino,Especialistas trazem tendências de UX para 2017 - KingHost,Saiba como a Cisco está trabalhando com IoT e suas iniciativas para os empreendedores desse mercado - Startupi,Banco Original discute tendências dos serviços financeiros e lança plataforma para desenvolvedores - Startupi,"Por dentro do Nubank, conheça os segredos da fintech mais festejada do país"
-7.53424E+18,Building on Slack Saved Our Startup,Slack and Google announce partnership focused on better integrating their services,IBM Watson is about to make Slack's chat bot smarter,Slack swips at Skype with video calls and reaction emoji,How the Communicator's Dilemma Made a 'Slack-lash' Inevitable,"Facebook Workplace officially launches on the web and iOS, set to compete head-on with Slack"
-1.55792E+18,Prototipação: erre cedo para acertar cedo - Hipsters #28,"""Disrupção não depende da tecnologia, depende das pessoas"": as lições do cofundador do Waze - Startupi","SINAIS do FUTURO imediato: #1, internet das coisas",De piada sobre TPM a servir cafezinho: como lidar com machismo no trabalho?,O que é benchmarking? Veja quando um concorrente se torna inspiração!,"Por dentro do Nubank, conheça os segredos da fintech mais festejada do país"
5.13537E+18,Dries Buytaert,"Acquia Releases Lightning for Drupal 8, Enabling Fast Starts for Digital Experience Deployments [July 19, 2016]",6. What can Acquia and the community do now regarding Drupal and ecommerce?,Acquia a leader in the 2017 Forrester Wave for Web Content Management Systems | Dries Buytaert,0. The case for Drupal and Commerce,Acquia Engage 2016: Day One
-1.43795E+18,Drush 9 Roadmap,Hedron: Or my dissatisfaction with local development #Drupal,Drupal 8 is 1 Year Old (AND YOU GET A PRIZE!),3. The case for Drupal and SaaS,Dries Distributions remain a growing opportunity for Drupal - Buytaert,The investment case for employing a Drupal core contributor - Dries Buytaert
6.84746E+18,Indian outsourcing specialists must reboot their strategies,America's allies are preparing for a bumpy ride,Future Of Consulting: Consultancies Adapt To Digital Change,"JPMorgan Software Does in Seconds What Took Lawyers 360,000 Hours",Accenture and Adboe team on customer enegagement,Siemens and General Electric gear up for the internet of things
8.1852E+18,"Se eu fosse falar de todas as ideias péssimas que tive, precisaríamos de muito tempo, diz cofundador do Google","SINAIS do FUTURO imediato: #1, internet das coisas",Saiba como a Cisco está trabalhando com IoT e suas iniciativas para os empreendedores desse mercado - Startupi,A saga do jovem CEO da Dasa,Especialistas trazem tendências de UX para 2017 - KingHost,"Por dentro do Nubank, conheça os segredos da fintech mais festejada do país"
-1.44764E+18,"Facebook terá ""Startup Garage"" dentro da maior incubadora do mundo","Facebook lança Workplace, versão da rede social para empresas",Saiba como a Cisco está trabalhando com IoT e suas iniciativas para os empreendedores desse mercado - Startupi,"""5G está para IoT como 4G esteve para o Smartphone"", saiba as apostas da Intel para 2017",Especialistas trazem tendências de UX para 2017 - KingHost,Banco Original discute tendências dos serviços financeiros e lança plataforma para desenvolvedores - Startupi
1.22095E+18,America's allies are preparing for a bumpy ride,The internet of stings,What DeepMind brings to Alphabet,What A Difference 2 Percentage Points Makes,"As Artificial Intelligence Evolves, So Does Its Criminal Potential",Indian outsourcing specialists must reboot their strategies
8.70845E+18,Tailoring your integration approach to specific deals,The new tech talent you need to succeed in digital,Digital Leadership Is Not an Optional Part of Being a CEO,Grow fast or die slow: Focusing on customer success to drive growth,Why do you Fail at Growth Marketing and How to Solve it,7 Tips to Create a Company Learning Culture like Google - Without Resources
-3.48258E+18,Microservices - When to React Vs. Orchestrate - Capital One DevExchange,Communication patterns in a Microservice world,"Stream processing, Event sourcing, Reactive, CEP... and making sense of it all - Confluent","What do you mean by ""Event-Driven""?",Building Event-driven Microservices Using CQRS and Serverless,Software Architecture Patterns
-5.8294E+18,Introducing Mini Courses with MS Chatbots,Introduction To Chatbots,"Zo, Microsoft's latest attempt at a chatbot, is ready to converse on Kik app",Building a Facebook Chat Bot with Node and Heroku,Telegram Bolsters Bot API with New Gaming Functionality,A smart home is where the bot is
-3.90087E+18,"Adobe, Acquia, Episerver Lead New Forrester WCM Wave",Acquia a leader in the 2017 Forrester Wave for Web Content Management Systems | Dries Buytaert,Dries Buytaert,Adobe and Microsoft Partner in the Azure Cloud to Help Businesses Transform Customer Engagement,Top 10 Hot Artificial Intelligence (AI) Technologies,"Acquia Releases Lightning for Drupal 8, Enabling Fast Starts for Digital Experience Deployments [July 19, 2016]"
-2.32351E+18,Especialistas trazem tendências de UX para 2017 - KingHost,"SINAIS do FUTURO imediato: #1, internet das coisas",CRO: crescimento com baixo investimento,Como o Trello foi de 4 a 17 milhões de usuários,O que é liderança? Liderança é fazer a diversidade funcionar.,Saiba como a Cisco está trabalhando com IoT e suas iniciativas para os empreendedores desse mercado - Startupi
-5.25724E+18,Top 10 Hot Artificial Intelligence (AI) Technologies,Here's how The White House wants the U.S. to approach AI R&D,Andrew Ng: What AI Can and Can't Do,Democratizing AI,Money 20/20 Panel: Artificial Intelligence and Machine Learning,"Facebook, Amazon, Google, IBM and Microsoft come together to create historic Partnership on AI"
-1.18124E+18,Asus ready to take bite of 'Pi' market with Tinker micro PC,The new 64-bit Orange Pi is a quad-core computer for $20,4K movies come to the Google Play Movies & TV app,"Onion Creates a $5 Linux Computer with Wi-Fi, Designed for IoT Applications",Google planeja ferramentas de inteligência artificial para Raspberry Pi | Google Discovery,Replace Lego's $190 Intelligent Brick with MIT's Scratch and a $40 Raspberry Pi
-5.95472E+18,How to Embrace Constant Change in Growth,Why do you Fail at Growth Marketing and How to Solve it,The Mobile Growth Stack: 2017 Edition - Mobile Growth Stack,3 Pillars of the Most Successful Tech Products,12 Agile principles,Building on Slack Saved Our Startup
-7.43667E+16,Trello Is Being Acquired By Atlassian,[Kanban Boards] Is Pinnery the Better Trello?,Como o Trello foi de 4 a 17 milhões de usuários,Seniority,Renewing Medium's focus,[Tools] See how the JIRA Portfolio team uses JIRA Portfolio
-5.79405E+18,Dasa compra rede de laboratórios SalomãoZoppi,"Dasa anuncia compra do laboratório Leme, da Bahia",A saga do jovem CEO da Dasa,"Reestruturada, Dasa vai abrir 50 pontos e negocia aquisições",Dasa compra maior rede de laboratórios do Nordeste,"""5G está para IoT como 4G esteve para o Smartphone"", saiba as apostas da Intel para 2017"
1.67668E+17,"Canonical libera patches de segurança para os sistemas Ubuntu 12.04, 14.04, 16.04, 16.10 e derivados",Criador do Ubuntu diz que o sistema soluciona o problema de segurança na Internet das Coisas,Saiba como a Cisco está trabalhando com IoT e suas iniciativas para os empreendedores desse mercado - Startupi,"SINAIS do FUTURO imediato: #1, internet das coisas",[Article] Poka Yoke: o que é e como implementar | Endeavor Brasil,O que é benchmarking? Veja quando um concorrente se torna inspiração!
2.32141E+18,Lean IT is all about people - o Lean na TI é focado em pessoas,Lean and banking: the pot of gold waiting to be discovered | Blog post,[eBook] Enxugando a máquina - Paulo Caroli,TI Bimodal? Receita para o desastre...,"""5G está para IoT como 4G esteve para o Smartphone"", saiba as apostas da Intel para 2017",Especialistas trazem tendências de UX para 2017 - KingHost
-3.2247E+18,20 Awesome PHP Libraries For Early 2017,Learn About the PHP Trends and Predictions for 2017,15 Interesting JavaScript and CSS Libraries for October 2016,Debugging WordPress: 11 Powerful Tips and Techniques,Introduction To Chatbots,Home-Made Twitter and Gmail Notifications with PHP and Arduino
-7.04745E+18,Plano nacional de ''internet das coisas'' sai em fevereiro,Plano Nacional de IoT chega em março com parceria entre MCTIC e BNDES,"SINAIS do FUTURO imediato: #1, internet das coisas",Saiba como a Cisco está trabalhando com IoT e suas iniciativas para os empreendedores desse mercado - Startupi,Banco Original discute tendências dos serviços financeiros e lança plataforma para desenvolvedores - Startupi,Especialistas trazem tendências de UX para 2017 - KingHost
5.42905E+18,Spring Boot 1.5.1 released,Combining Spring Boot and JDBI,"A Geospatial Messenger with Kotlin, Spring Boot and PostgreSQL",Introducing Kotlin support in Spring Framework 5.0,Java Microservices: The Cake is a Lie but You Can't Ignore It | Takipi Blog,8 must-see sessions for application developers at Google Cloud Next '17
2.50862E+18,Using DiffUtil in Android RecyclerView,The Java 8 API Design Principles,RecyclerView Prefetch - Google Developers,Listas com RecyclerView - Android Dev BR,Java 8 Streams - A Deeper Approach About Performance Improvement,Inversion of Control Containers and the Dependency Injection pattern
-9.03902E+18,Concurso Literário Leia Mulheres + Sweek | Sweek,Kaol Porfírio luta como uma garota! - Think Olga,De piada sobre TPM a servir cafezinho: como lidar com machismo no trabalho?,"O meme 'Luiza, você está atenta?' explicou da melhor forma o machismo na área da tecnologia",Este é o melhor jeito de entender como as mulheres sofrem machismo na área de TI,"SINAIS do FUTURO imediato: #1, internet das coisas"
9.91272E+17,Este é o melhor jeito de entender como as mulheres sofrem machismo na área de TI,"O meme 'Luiza, você está atenta?' explicou da melhor forma o machismo na área da tecnologia",Kaol Porfírio luta como uma garota! - Think Olga,De piada sobre TPM a servir cafezinho: como lidar com machismo no trabalho?,Concurso Literário Leia Mulheres + Sweek | Sweek,Saiba como a Cisco está trabalhando com IoT e suas iniciativas para os empreendedores desse mercado - Startupi
-6.28991E+18,Engineering Digital Banking Solutions Using UX Methodology,Digital Tool as Strategic Enabler for Banking Transformation,Banking Needs a Customer Experience Wake-Up Call,The new tech talent you need to succeed in digital,Stop Trying to Monetize Your Data - Built to Adapt,Mapping the Global NeoBank Landscape - Techfoliance
3.77008E+18,Webinar: A Internet das Coisas no Brasil,"SINAIS do FUTURO imediato: #1, internet das coisas",Saiba como a Cisco está trabalhando com IoT e suas iniciativas para os empreendedores desse mercado - Startupi,A saga do jovem CEO da Dasa,Especialistas trazem tendências de UX para 2017 - KingHost,"""5G está para IoT como 4G esteve para o Smartphone"", saiba as apostas da Intel para 2017"
-5.60816E+18,12 incredible women you've never heard of who changed science forever,Introducing Ask a Female Engineer,Code.org 2016 Annual Report,Introducing the Data Science Maturity Model,"Little girls doubt that women can be brilliant, study shows",Ask a Female Engineer: Joining a Startup
-3.97872E+18,Fabric is Joining Google,Google's Firebase Team Picks Up Twitter's Fabric,What Google AMP Means for Every Marketer,Browser Trends December 2016: Mobile Overtakes Desktop,The Mobile Growth Stack: 2017 Edition - Mobile Growth Stack,The Complete Google Analytics Audit Checklist | Optimization Up
-3.87276E+18,13 Killer SEO Copywriting Tips (With Examples and A/B Tests),The Ultimate Guide to SEO Reporting: Starting with the Basics,7 Vital SEO Trends for Google Rankings in 2017 | Digital Current,This 8-Page Website Generated Six-Figures in its First 8 Months - gaps,Stop Trying to Sound Smart When You're Writing,The Complete Google Analytics Audit Checklist | Optimization Up
3.6796E+18,Google's Firebase Team Picks Up Twitter's Fabric,Fabric is Joining Google,Google Tag Manager: Giving Mobile Tagging a Little Extra Love,Twitter is shutting down Vine,Building on Slack Saved Our Startup,Customize your G Suite experience with App Maker and Recommended apps
9.67144E+17,Baidu abre laboratório de realidade aumentada - Startupi,Banco Original discute tendências dos serviços financeiros e lança plataforma para desenvolvedores - Startupi,KFC chinês adota robô que escaneia clientes para sugerir menu - Startupi,Especialistas trazem tendências de UX para 2017 - KingHost,"""5G está para IoT como 4G esteve para o Smartphone"", saiba as apostas da Intel para 2017",Black Friday salva o ano do e-commerce
-8.79595E+17,O manual do deboísta corporativo,"SINAIS do FUTURO imediato: #1, internet das coisas",O que é benchmarking? Veja quando um concorrente se torna inspiração!,25 Coisas que Você Devia Começar a Fazer Agora que Tem 25 anos,"Por dentro do Nubank, conheça os segredos da fintech mais festejada do país",Saiba como a Cisco está trabalhando com IoT e suas iniciativas para os empreendedores desse mercado - Startupi
6.46355E+18,"Little girls doubt that women can be brilliant, study shows",Introducing Ask a Female Engineer,12 incredible women you've never heard of who changed science forever,Code.org 2016 Annual Report,17 for '17: Microsoft researchers on what to expect in 2017 and 2027 - Next at Microsoft,Voice Search Could Become Mainstream Within the Next 5 Years
3.63304E+17,Management theory is becoming a compendium of dead ideas,How CIOs Leverage Business Intelligence to Drive Smarter Decision-Making,Indian outsourcing specialists must reboot their strategies,Why do you Fail at Growth Marketing and How to Solve it,Assessing Salesforce's platform and ecosystem | ZDNet,3 Pillars of the Most Successful Tech Products
3.3828E+18,Building Event-driven Microservices Using CQRS and Serverless,"What do you mean by ""Event-Driven""?","Stream processing, Event sourcing, Reactive, CEP... and making sense of it all - Confluent",Communication patterns in a Microservice world,Communication Within an Android App With EventBus,Java Microservices: The Cake is a Lie but You Can't Ignore It | Takipi Blog
-4.70971E+18,Guest post: building IoT applications with MQTT and Google Cloud Pub/Sub,8 must-see sessions for application developers at Google Cloud Next '17,Google Cloud Platform sets a course for new horizons,Announcing updates to Google's Internet of Things platform: Android Things and Weave,"Building A Modern, Scalable Backend: Modernizing Monolithic Applications",Announcing new storage classes for Google Cloud Storage: simplifying the storage and management of hot and cold data
-5.8234E+18,WalkMe acquires Abbi.io to add mobile A/B testing and engagement,The Complete Google Analytics Audit Checklist | Optimization Up,The Mobile Growth Stack: 2017 Edition - Mobile Growth Stack,What Google AMP Means for Every Marketer,3 Pillars of the Most Successful Tech Products,Lessons from Becoming a Data-Driven Organization
8.90566E+18,Hedron: Or my dissatisfaction with local development #Drupal,Drush 9 Roadmap,Drupal 8 is 1 Year Old (AND YOU GET A PRIZE!),3. The case for Drupal and SaaS,Dries Distributions remain a growing opportunity for Drupal - Buytaert,0. The case for Drupal and Commerce
-9.03335E+18,Software Architecture Patterns,Salesforce Architect Journey,Microservices - When to React Vs. Orchestrate - Capital One DevExchange,Drupal 8 Front-End Architecture,Standing on the Shoulders of Giants - Built to Adapt,Java Microservices: The Cake is a Lie but You Can't Ignore It | Takipi Blog
-8.39259E+18,Why Introverts Are Better at Sales Than Extroverts,How do you sell SaaS software to enterprise businesses?,Using behavioral data to improve customer satisfaction,Banking Needs a Customer Experience Wake-Up Call,Customize your G Suite experience with App Maker and Recommended apps,Six iconic retailers and their digital transformation journeys
-6.79806E+18,Google planeja ferramentas de inteligência artificial para Raspberry Pi | Google Discovery,Google lança experimentos com inteligência artificial | Google Discovery,Google Maps agora mostra se local tem entrada com acessibilidade | Google Discovery,Banco Original discute tendências dos serviços financeiros e lança plataforma para desenvolvedores - Startupi,"""5G está para IoT como 4G esteve para o Smartphone"", saiba as apostas da Intel para 2017",Especialistas trazem tendências de UX para 2017 - KingHost
1.75182E+18,Expanding our IDE support with a new Eclipse plugin for App Engine,8 must-see sessions for application developers at Google Cloud Next '17,Introducing Google Cloud Shell's new code editor,How to use Docker to run ASP.NET Core apps on Google App Engine,Google Cloud Platform sets a course for new horizons,Support Ended for Eclipse Android Developer Tools
3.99921E+18,"Samsung, SapientRazorfish Show IoT Retail Approach At NRF",The future of traditional retail is digital,Six iconic retailers and their digital transformation journeys,Banking Needs a Customer Experience Wake-Up Call,Using behavioral data to improve customer satisfaction,Salesforce adds some artificial intelligence to customer service products
-5.33E+17,IBM Seeks to Simplify Graph with New Titan Service,Graph-powered Machine Learning at Google,"IBM deploying 1,300 Macs per week, Apple users need much less support than PC counterparts",IBM now uses more Macs than any other company | Cult of Mac,"Apple &amp; IBM launch first 'MobileFirst for iOS' education app, IBM Watson Element","Jamf conference: IBM cutting costs w/ largest enterprise Mac deployment, 100,000 by end of year"
8.83375E+18,"Sem fazer alarde, a série","SINAIS do FUTURO imediato: #1, internet das coisas",25 Coisas que Você Devia Começar a Fazer Agora que Tem 25 anos,Kaol Porfírio luta como uma garota! - Think Olga,"Por dentro do Nubank, conheça os segredos da fintech mais festejada do país",O que é benchmarking? Veja quando um concorrente se torna inspiração!
-3.66011E+18,Acquia a leader in the 2017 Forrester Wave for Web Content Management Systems | Dries Buytaert,Dries Buytaert,"Adobe, Acquia, Episerver Lead New Forrester WCM Wave","Acquia Releases Lightning for Drupal 8, Enabling Fast Starts for Digital Experience Deployments [July 19, 2016]",Acquia Engage 2016: Day One,The 2017 Acquia Partners of the Year
5.68108E+18,Building a Facebook Chat Bot with Node and Heroku,Introduction To Chatbots,Introducing Mini Courses with MS Chatbots,"Stream processing, Event sourcing, Reactive, CEP... and making sense of it all - Confluent",Life Beyond Email: Chatbot Marketing,New APIs Expand Line's Third Party Integration and Chatbot Capabilities
8.55067E+18,Why Many Smart Contract Use Cases Are Simply Impossible - CoinDesk,Why Many Smart Contract Use Cases Are Simply Impossible - CoinDesk,4 Blockchain Macro Trends: Where to Place Your Bets,Blockchain Will Be Used By 15% of Big Banks By 2017,Que novas oportunidades poderemos criar com Blockchain? - CIO,3 Big Blockchain Ideas MIT is Working on Right Now - CoinDesk
1.34874E+18,Johnson & Johnson comprará grupo suíço por US$ 30 bi,A saga do jovem CEO da Dasa,"SulAmérica continua investindo, apesar da crise - Sonho Seguro",Black Friday salva o ano do e-commerce,O IPO é a saída para a Netshoes?,"Infracommerce, operadora de e-commerce da Ambev e Alpargatas, recebe aporte de R$ 40 mi"
-1.45693E+16,Java 8 Streams - A Deeper Approach About Performance Improvement,The Java 8 API Design Principles,Java 8 Streams : 10 missing features,"Kotlin in Production - What works, Whats broken",Don't document your code. Code your documentation.,The hardest thing in computer science
-1.15893E+17,Speed Up a WordPress Website in 8 Steps,Debugging WordPress: 11 Powerful Tips and Techniques,"Front-End Performance Checklist 2017 (PDF, Apple Pages) - Smashing Magazine",What to look for in a code review ,Load Testing Our Site on Pantheon (Drupalize.me),Exploited Script in WordPress Themes Send Spam
1.49665E+18,A corrida como aliada da produtividade - Runner's World Brasil,25 Coisas que Você Devia Começar a Fazer Agora que Tem 25 anos,"SINAIS do FUTURO imediato: #1, internet das coisas",Saiba como a Cisco está trabalhando com IoT e suas iniciativas para os empreendedores desse mercado - Startupi,O que é benchmarking? Veja quando um concorrente se torna inspiração!,O futuro das interfaces: Chatbots - Tableless
-2.31436E+18,"O meme 'Luiza, você está atenta?' explicou da melhor forma o machismo na área da tecnologia",Este é o melhor jeito de entender como as mulheres sofrem machismo na área de TI,Kaol Porfírio luta como uma garota! - Think Olga,De piada sobre TPM a servir cafezinho: como lidar com machismo no trabalho?,"Por dentro do Nubank, conheça os segredos da fintech mais festejada do país","SINAIS do FUTURO imediato: #1, internet das coisas"
8.0201E+18,CRO: crescimento com baixo investimento,Especialistas trazem tendências de UX para 2017 - KingHost,Como o Trello foi de 4 a 17 milhões de usuários,Black Friday salva o ano do e-commerce,Saiba como a Cisco está trabalhando com IoT e suas iniciativas para os empreendedores desse mercado - Startupi,Para inovar é preciso mais do que boas ideias - Startupi
7.77586E+18,The Complete Google Analytics Audit Checklist | Optimization Up,Improvements coming to the Google Analytics desktop UI,Tracking Multiple Categories in Google Analytics for Content Pages - E-Nor | Google Analytics Blog,Lessons from Becoming a Data-Driven Organization,"Practical advice for analysis of large, complex data sets",7 Vital SEO Trends for Google Rankings in 2017 | Digital Current
2.99802E+18,Drupal 8 Front-End Architecture,Drupal 8 is 1 Year Old (AND YOU GET A PRIZE!),0. The case for Drupal and Commerce,2. Why Drupal is ideal for ecommerce,4. Why ecommerce is essential for Drupal,The investment case for employing a Drupal core contributor - Dries Buytaert
-7.46073E+17,How to get the most from your agency relationships in 2017,The new tech talent you need to succeed in digital,A plan for media management in Drupal 8,Digital Leadership Is Not an Optional Part of Being a CEO,The Mobile Growth Stack: 2017 Edition - Mobile Growth Stack,How to move an entire government to a new digital platform - Dries Buytaert
-5.58191E+18,Having Children Destroyed My Career,A plan for media management in Drupal 8,Ask a Female Engineer: Joining a Startup,Introducing Ask a Female Engineer,"Life Coach vs. Therapist, Learn the Difference | Tony Robbins",Today in Apple history: Steve Jobs passes away | Cult of Mac
-4.7629E+18,A smart home is where the bot is,Introduction To Chatbots,Here's how The White House wants the U.S. to approach AI R&D,Introducing Mini Courses with MS Chatbots,Duolingo's chatbots help you learn a new language,"9 trends you need to watch at CES 2017, from 'AI' assistants to 'AR' devices"
4.87677E+18,Shopping em BH terá fazenda urbana de 2.700 m²,Black Friday salva o ano do e-commerce,A saga do jovem CEO da Dasa,Saiba como a Cisco está trabalhando com IoT e suas iniciativas para os empreendedores desse mercado - Startupi,"Por dentro do Nubank, conheça os segredos da fintech mais festejada do país",Especialistas trazem tendências de UX para 2017 - KingHost
8.4778E+18,Gartner: em 2020 não haverá mais aplicativos,"SINAIS do FUTURO imediato: #1, internet das coisas",Especialistas trazem tendências de UX para 2017 - KingHost,Saiba como a Cisco está trabalhando com IoT e suas iniciativas para os empreendedores desse mercado - Startupi,Banco Original discute tendências dos serviços financeiros e lança plataforma para desenvolvedores - Startupi,"""5G está para IoT como 4G esteve para o Smartphone"", saiba as apostas da Intel para 2017"
7.17472E+17,Here's how Evernote moved 3 petabytes of data to Google's cloud,Google's Cloud Machine Learning service is now in public beta,Making Sense of Unstructured Data with Google Cloud NL API,Google Cloud Platform sets a course for new horizons,"Google Cloud Machine Learning family grows with new API, editions and pricing",8 must-see sessions for application developers at Google Cloud Next '17
4.90963E+18,Como o Banco do Brasil está inovando e incentivando o intraempreendedorismo,Banco Original discute tendências dos serviços financeiros e lança plataforma para desenvolvedores - Startupi,Saiba como a Cisco está trabalhando com IoT e suas iniciativas para os empreendedores desse mercado - Startupi,Especialistas trazem tendências de UX para 2017 - KingHost,"Por dentro do Nubank, conheça os segredos da fintech mais festejada do país","SINAIS do FUTURO imediato: #1, internet das coisas"
-8.71795E+18,7 Vital SEO Trends for Google Rankings in 2017 | Digital Current,The Ultimate Guide to SEO Reporting: Starting with the Basics,This 8-Page Website Generated Six-Figures in its First 8 Months - gaps,13 Killer SEO Copywriting Tips (With Examples and A/B Tests),Voice Search Could Become Mainstream Within the Next 5 Years,The Complete Google Analytics Audit Checklist | Optimization Up
-1.1591E+17,8 must-see sessions for application developers at Google Cloud Next '17,Google Cloud Platform sets a course for new horizons,How to use Docker to run ASP.NET Core apps on Google App Engine,Expanding our IDE support with a new Eclipse plugin for App Engine,"Google Cloud Endpoints now generally available: a fast, scalable API gateway","Google Cloud Machine Learning family grows with new API, editions and pricing"
-8.50288E+18,Centrally manage all your Google Cloud resources with Cloud Resource Manager,"Where, how much, and how: Answering the hardest questions of resource allocation",The Ultimate Solution to Versioning REST APIs: Content Negotiation,8 must-see sessions for application developers at Google Cloud Next '17,Google Cloud Platform sets a course for new horizons,Expanding our IDE support with a new Eclipse plugin for App Engine
3.40746E+18,Why do you Fail at Growth Marketing and How to Solve it,How to Embrace Constant Change in Growth,12 Agile principles,3 Pillars of the Most Successful Tech Products,10 principles of business transformation,Seniority
6.71665E+18,Lossless Web Navigation with Trails,Now sites can fingerprint you online even when you use multiple browsers,Browser Trends December 2016: Mobile Overtakes Desktop,"Front-End Performance Checklist 2017 (PDF, Apple Pages) - Smashing Magazine",Sponsored: Five reasons why retailers should opt for digital receipts,Salesforce Architect Journey
9.15829E+18,Behind the Scam: What Does It Take to Be a 'Best-Selling Author'? $3 and 5 Minutes. - The Mission,This 8-Page Website Generated Six-Figures in its First 8 Months - gaps,Drupal 8 Front-End Architecture,New Amazon Linux Container Image for Cloud and On-Premises Workloads,Tracking Multiple Categories in Google Analytics for Content Pages - E-Nor | Google Analytics Blog,13 Killer SEO Copywriting Tips (With Examples and A/B Tests)
1.98459E+15,Heroínas de 'Estrelas além do tempo' inspiram garotas em trabalho de escola nos EUA,"Por dentro do Nubank, conheça os segredos da fintech mais festejada do país",A saga do jovem CEO da Dasa,"""5G está para IoT como 4G esteve para o Smartphone"", saiba as apostas da Intel para 2017",Kaol Porfírio luta como uma garota! - Think Olga,5 Podcasts : Aprenda mais sobre gestão e liderança
3.71435E+18,Python - It's metaclasses all the way down,The Java 8 API Design Principles,Amazon EBS Update - New Elastic Volumes Change Everything | AWS Blog,How Kotlin became our primary language for Android - UPTech Team,Using Display Suite in Drupal 8: How to Customize Content Pages - WebWash,"Feather: A Fast On-Disk Format for Data Frames for R and Python, powered by Apache Arrow"
-4.40824E+16,How do you sell SaaS software to enterprise businesses?,"The Three R's of Enterprise Security: Rotate, Repave, and Repair - Built to Adapt",So you want to sell to banks?,Assessing Salesforce's platform and ecosystem | ZDNet,3 Pillars of the Most Successful Tech Products,Why Introverts Are Better at Sales Than Extroverts
-7.82621E+18,Ciclistas relatam roubos com agressividade na avenida dos Andradas,"Por dentro do Nubank, conheça os segredos da fintech mais festejada do país",A saga do jovem CEO da Dasa,"SINAIS do FUTURO imediato: #1, internet das coisas",Saiba como a Cisco está trabalhando com IoT e suas iniciativas para os empreendedores desse mercado - Startupi,"Entrevista com Alejandro Formanchuk: ""Funcionário não é público interno - é ator extremo"" - Blog do Love Mondays"
4.60728E+18,Introducing Google Cloud Search: Bringing the power of Google Search to G Suite customers,Introducing Google Cloud Search: Bringing the power of Google Search to G Suite customers,"Google Cloud Machine Learning family grows with new API, editions and pricing",Voice Search Could Become Mainstream Within the Next 5 Years,7 Vital SEO Trends for Google Rankings in 2017 | Digital Current,Google Cloud Platform sets a course for new horizons
6.07028E+18,BACK FROM THE DEAD - TrendWatching,5 Asian Trends for 2017,5 Latin Trends for 2017 | TrendWatching,This 8-Page Website Generated Six-Figures in its First 8 Months - gaps,trendwatching.com | 5 Trends for 2017 | TrendWatching,Top 10 Insurtech Trends for 2017 - Insurance Thought Leadership
2.15333E+17,"Front-End Performance Checklist 2017 (PDF, Apple Pages) - Smashing Magazine",Speed Up a WordPress Website in 8 Steps,What to look for in a code review ,Now sites can fingerprint you online even when you use multiple browsers,Analyzing 50k fonts using deep neural networks,How it feels to learn Javascript in 2016
-5.61059E+18,GitLab.com melts down after backup fail and data loss,Introducing Google Cloud Shell's new code editor,"Practical advice for analysis of large, complex data sets","The Languages, Frameworks and Tools You Should Learn in 2017",Lessons from Becoming a Data-Driven Organization,"Building A Modern, Scalable Backend: Modernizing Monolithic Applications"
-3.40542E+17,Relating a Problem Definition to IoT Architecture | Intel® Software,"IoT Insurance: Trends in Home, Life & Auto Insurance Industries",1º Fórum Sercomtel de IOT e Smart Cities será realizado no dia 4 de Novembro - Blog - Bonde. O seu portal,Announcing updates to Google's Internet of Things platform: Android Things and Weave,"Largest botnet attack in history peaks at over 1 terabits per second, aided by Internet of Things","IBM e Visa transformam automóveis, eletrodomésticos e outros dispositivos conectados em potenciais pontos de vendas"
-1.44359E+18,Comunicação entre Arduino e ROS através do pacote rosserial_arduino,O futuro das interfaces: Chatbots - Tableless,Saiba como a Cisco está trabalhando com IoT e suas iniciativas para os empreendedores desse mercado - Startupi,25 Coisas que Você Devia Começar a Fazer Agora que Tem 25 anos,Apresentação da nova placa de desenvolvimento Arduino MKRZero -,Web Share API
-7.27394E+18,Inteligência artificial do Google aprende a aprimorar fotos como nos filmes | Google Discovery,Google usa aprendizado de máquina para melhorar imagens de baixa qualidade | Google Discovery,Google lança experimentos com inteligência artificial | Google Discovery,Google Maps agora mostra se local tem entrada com acessibilidade | Google Discovery,Google planeja ferramentas de inteligência artificial para Raspberry Pi | Google Discovery,Aplicação de visão computacional com OpenCV
2.8701E+18,Seguradoras divulgam resultados de 2016 - Apólice,"Vale reverte prejuízo e tem lucro de R$ 1,8 bilhão no 3º trimestre","Vale reverte prejuízo e tem lucro de R$ 1,8 bilhão no 3º trimestre","Santander Brasil tem lucro gerencial de R$ 1,989 bi no 4º trimestre",Santander Brasil gera 21% do resultado da matriz no 4º trimestre,A saga do jovem CEO da Dasa
-7.35893E+18,Why Many Smart Contract Use Cases Are Simply Impossible - CoinDesk,Why Many Smart Contract Use Cases Are Simply Impossible - CoinDesk,4 Blockchain Macro Trends: Where to Place Your Bets,Blockchain Will Be Used By 15% of Big Banks By 2017,Que novas oportunidades poderemos criar com Blockchain? - CIO,3 Big Blockchain Ideas MIT is Working on Right Now - CoinDesk
-5.69002E+18,O futuro das interfaces: Chatbots - Tableless,25 Coisas que Você Devia Começar a Fazer Agora que Tem 25 anos,Saiba como a Cisco está trabalhando com IoT e suas iniciativas para os empreendedores desse mercado - Startupi,Especialistas trazem tendências de UX para 2017 - KingHost,"SINAIS do FUTURO imediato: #1, internet das coisas",Como o Trello foi de 4 a 17 milhões de usuários
-8.90011E+18,Banking Needs a Customer Experience Wake-Up Call,Digital Tool as Strategic Enabler for Banking Transformation,Using behavioral data to improve customer satisfaction,Engineering Digital Banking Solutions Using UX Methodology,Five things to include in your digital transformation playbook,Accenture and Adboe team on customer enegagement
2.76034E+18,"Razorfish, US digital revenues, drag down Publicis",Five things to include in your digital transformation playbook,The new tech talent you need to succeed in digital,Digital Leadership Is Not an Optional Part of Being a CEO,Digital Tool as Strategic Enabler for Banking Transformation,Where is the bank's digital vision? - Chris Skinner's blog
-6.86679E+17,Ibope revela lojas de e-commerce com maior recomendação no Brasil - B!T magazine,O IPO é a saída para a Netshoes?,Netshoes e Zattini anunciam 30 dias de Black Friday,Black Friday salva o ano do e-commerce,Como a Netshoes se preparou para a Black Friday deste ano,Saiba como a Cisco está trabalhando com IoT e suas iniciativas para os empreendedores desse mercado - Startupi
2.17175E+18,O céu é o limite na utilização de Golang -,Especialistas trazem tendências de UX para 2017 - KingHost,Saiba como a Cisco está trabalhando com IoT e suas iniciativas para os empreendedores desse mercado - Startupi,A saga do jovem CEO da Dasa,"""5G está para IoT como 4G esteve para o Smartphone"", saiba as apostas da Intel para 2017","SulAmérica continua investindo, apesar da crise - Sonho Seguro"
-6.62358E+18,"Spanner, the Google Database That Mastered Time, Is Now Open to Everyone",Introducing Cloud Spanner: a global database service for mission-critical applications,Google's Cloud Machine Learning service is now in public beta,Google Cloud Platform sets a course for new horizons,"Google saves Allo conversations, a win for machine learning but a loss for privacy - Tech2",7 Vital SEO Trends for Google Rankings in 2017 | Digital Current
8.9616E+17,How Mobile Health Apps and Wearables Could Actually Make People Sicker,"Practical advice for analysis of large, complex data sets",Lessons from Becoming a Data-Driven Organization,Your health insurance might score you an Apple Watch,Large CPGs are under attack by startups... and consumers are winning,A smart home is where the bot is
-5.02841E+17,O IPO é a saída para a Netshoes?,Netshoes e Zattini anunciam 30 dias de Black Friday,Como a Netshoes se preparou para a Black Friday deste ano,Black Friday salva o ano do e-commerce,A saga do jovem CEO da Dasa,Ibope revela lojas de e-commerce com maior recomendação no Brasil - B!T magazine
2.27718E+18,How to build cross-platform mobile apps using nothing more than a JSON markup,ConstraintLayout - Part 1,Building interfaces with ConstraintLayout - Google Developers,Improving Drupal 8's API-first: JSON API and OAuth2?,Using Display Suite in Drupal 8: How to Customize Content Pages - WebWash,The Ultimate Solution to Versioning REST APIs: Content Negotiation
-4.0297E+18,Former Google career coach shares a visual trick for figuring out what to do with your life,"Goal Setting: Don't Lose Motivation! "" Mind Tools Blog",Seniority,"Life Coach vs. Therapist, Learn the Difference | Tony Robbins",Write Like You Talk,Why do you Fail at Growth Marketing and How to Solve it
-1.97505E+17,Tom Brady: Business Guru. Who Knew?,Seniority,12 Agile principles,Behind the Scam: What Does It Take to Be a 'Best-Selling Author'? $3 and 5 Minutes. - The Mission,10 principles of business transformation,This 8-Page Website Generated Six-Figures in its First 8 Months - gaps
6.07514E+18,"Stream processing, Event sourcing, Reactive, CEP... and making sense of it all - Confluent","What do you mean by ""Event-Driven""?",Communication patterns in a Microservice world,Building Event-driven Microservices Using CQRS and Serverless,Communication Within an Android App With EventBus,Java 8 Streams : 10 missing features
1.46958E+18,Don't document your code. Code your documentation.,The hardest thing in computer science,What to look for in a code review ,Java 8 Streams - A Deeper Approach About Performance Improvement,An Overly Thorough Guide To Underused Android Libraries,The Java 8 API Design Principles
-8.62705E+18,When to make a Git Commit,What to look for in a code review ,Command-line utilities,Live asynchronously.,12 Agile principles,"Practical advice for analysis of large, complex data sets"
8.72909E+18,"What do you mean by ""Event-Driven""?","Stream processing, Event sourcing, Reactive, CEP... and making sense of it all - Confluent",Building Event-driven Microservices Using CQRS and Serverless,Communication patterns in a Microservice world,Communication Within an Android App With EventBus,Microservices - When to React Vs. Orchestrate - Capital One DevExchange
-2.97631E+18,12 Agile principles,Seniority,What Happens When No One and Everyone Owns a Product? - Built to Adapt,10 principles of business transformation,Why do you Fail at Growth Marketing and How to Solve it,The new tech talent you need to succeed in digital
-5.28301E+18,Dries Distributions remain a growing opportunity for Drupal - Buytaert,3. The case for Drupal and SaaS,Drupal 8 is 1 Year Old (AND YOU GET A PRIZE!),The investment case for employing a Drupal core contributor - Dries Buytaert,2. Why Drupal is ideal for ecommerce,0. The case for Drupal and Commerce
-1.41919E+18,"Google Cloud Endpoints now generally available: a fast, scalable API gateway","Google Cloud Machine Learning family grows with new API, editions and pricing",Using Microservices Architecture as API Enablement Strategy,8 must-see sessions for application developers at Google Cloud Next '17,Most Interesting APIs in 2016: Cognitive Computing,Gmail API: New endpoints for settings
8.15356E+18,Introducing Cloud Spanner: a global database service for mission-critical applications,"Spanner, the Google Database That Mastered Time, Is Now Open to Everyone",Google Cloud Platform sets a course for new horizons,8 must-see sessions for application developers at Google Cloud Next '17,"Google Cloud Machine Learning family grows with new API, editions and pricing",Announcing new storage classes for Google Cloud Storage: simplifying the storage and management of hot and cold data
-2.92389E+18,Salesforce adds some artificial intelligence to customer service products,Assessing Salesforce's platform and ecosystem | ZDNet,Banking Needs a Customer Experience Wake-Up Call,Using behavioral data to improve customer satisfaction,Stop Trying to Monetize Your Data - Built to Adapt,Lessons from Becoming a Data-Driven Organization
-6.87255E+18,My experience with Google's Associate Android Developer Certification,Support Ended for Eclipse Android Developer Tools,"Google anuncia Android Things, plataforma para a Internet das Coisas | Google Discovery",What makes a good (Android) Software Engineer,Announcing updates to Google's Internet of Things platform: Android Things and Weave,Android process death - and the (big) implications for your app - Inloop
-5.6058E+18,Concrete things you can do about your technical debt,What to look for in a code review ,Don't document your code. Code your documentation.,The hardest thing in computer science,Build Quality In: The Key to Continuous Delivery in Kanban,Java 8 Streams - A Deeper Approach About Performance Improvement
-7.26422E+18,Qual é o valor da área de T&D na sua empresa?,A saga do jovem CEO da Dasa,"""5G está para IoT como 4G esteve para o Smartphone"", saiba as apostas da Intel para 2017",Especialistas trazem tendências de UX para 2017 - KingHost,Livros sobre liderança: os 10 melhores livros para bons líderes,Para inovar é preciso mais do que boas ideias - Startupi
-2.40229E+18,Como testar exceções em Java com o JUnit - Code a Test,"SINAIS do FUTURO imediato: #1, internet das coisas",O que é benchmarking? Veja quando um concorrente se torna inspiração!,"Espresso Intents: não é magia, é tecnologia! - Android Dev BR",Especialistas trazem tendências de UX para 2017 - KingHost,"Por dentro do Nubank, conheça os segredos da fintech mais festejada do país"
-6.34014E+18,Top 10 Insurtech Trends for 2017 - Insurance Thought Leadership,Not Your Father's Insurance Industry - Insurance Thought Leadership,"IoT Insurance: Trends in Home, Life & Auto Insurance Industries",Banking Needs a Customer Experience Wake-Up Call,Lessons from Becoming a Data-Driven Organization,Digital Tool as Strategic Enabler for Banking Transformation
6.24453E+18,3 Big Blockchain Ideas MIT is Working on Right Now - CoinDesk,4 Blockchain Macro Trends: Where to Place Your Bets,Blockchain Will Be Used By 15% of Big Banks By 2017,Why Many Smart Contract Use Cases Are Simply Impossible - CoinDesk,Why Many Smart Contract Use Cases Are Simply Impossible - CoinDesk,Blockchain startup R3 cuts fund-raising target to $150 million: source
6.83194E+18,"Amazon looking to buy Capital One? "" Banking Technology",Microsoft and Bank of America Merrill Lynch Collaborate to Transform Trade Finance Transacting With Azure Blockchain as a Service,Digital Tool as Strategic Enabler for Banking Transformation,Mapping the Global NeoBank Landscape - Techfoliance,Where is the bank's digital vision? - Chris Skinner's blog,Blockchain Will Be Used By 15% of Big Banks By 2017
7.02135E+18,Udacity abre código de simulador de carro autônomo para quem quiser testar,Saiba como a Cisco está trabalhando com IoT e suas iniciativas para os empreendedores desse mercado - Startupi,Banco Original discute tendências dos serviços financeiros e lança plataforma para desenvolvedores - Startupi,Especialistas trazem tendências de UX para 2017 - KingHost,"""5G está para IoT como 4G esteve para o Smartphone"", saiba as apostas da Intel para 2017",A saga do jovem CEO da Dasa
-6.24902E+17,"A.I. Duet, crie melodias usando o aprendizado de máquina do Google | Google Discovery",Google lança experimentos com inteligência artificial | Google Discovery,Google Maps agora mostra se local tem entrada com acessibilidade | Google Discovery,Google planeja ferramentas de inteligência artificial para Raspberry Pi | Google Discovery,Inteligência artificial do Google aprende a aprimorar fotos como nos filmes | Google Discovery,Google usa aprendizado de máquina para melhorar imagens de baixa qualidade | Google Discovery
7.63133E+18,Optimizing the Performance of Vector Drawables - upday devs,The technology behind preview photos,ŷhat | Classifying handwritten digits using TensorFlow,"Front-End Performance Checklist 2017 (PDF, Apple Pages) - Smashing Magazine",New Amazon Linux Container Image for Cloud and On-Premises Workloads,Analyzing 50k fonts using deep neural networks
-5.84541E+18,Lean and banking: the pot of gold waiting to be discovered | Blog post,Lean IT is all about people - o Lean na TI é focado em pessoas,Digital Tool as Strategic Enabler for Banking Transformation,Blockchain Will Be Used By 15% of Big Banks By 2017,So you want to sell to banks?,10 principles of business transformation
3.61821E+18,Aplicativo Celcoin oferece a possibilidade de trocar bitcoins por crédito em reais,Banco Original discute tendências dos serviços financeiros e lança plataforma para desenvolvedores - Startupi,[Canais Digitais] Banco Agiplan lança app que elimina intermediários ou pagamento de taxas - E-Commerce News,Novas frentes de trabalho da Alelo vão de ações de fidelidade a novos meios de pagamento,"Por dentro do Nubank, conheça os segredos da fintech mais festejada do país",A saga do jovem CEO da Dasa
-8.59113E+18,"IBM e Visa transformam automóveis, eletrodomésticos e outros dispositivos conectados em potenciais pontos de vendas",Visa inaugura Co-Creation Center em São Paulo,Visa anuncia plataforma para pagamentos B2B internacionais com tecnologia blockchain - Startupi,Saiba como a Cisco está trabalhando com IoT e suas iniciativas para os empreendedores desse mercado - Startupi,Banco Original discute tendências dos serviços financeiros e lança plataforma para desenvolvedores - Startupi,Primeiro chatbot do varejo brasileiro no Facebook Messenger já está funcionando - Startupi
-5.95323E+18,Life Beyond Email: Chatbot Marketing,Introduction To Chatbots,Building a Facebook Chat Bot with Node and Heroku,"Facebook Messenger now supports PayPal payments in bots, will track your PayPal receipts",The Mobile Growth Stack: 2017 Edition - Mobile Growth Stack,New APIs Expand Line's Third Party Integration and Chatbot Capabilities
-4.13233E+18,Gartner Reprint,Magic Quadrant for Business Intelligence and Analytics Platforms,Improvements coming to the Google Analytics desktop UI,How CIOs Leverage Business Intelligence to Drive Smarter Decision-Making,The Complete Google Analytics Audit Checklist | Optimization Up,Lessons from Becoming a Data-Driven Organization
-3.20162E+18,Another option for file sharing,Command-line utilities,Announcing new storage classes for Google Cloud Storage: simplifying the storage and management of hot and cold data,Save time with Quick Access in Drive,How to use Docker to run ASP.NET Core apps on Google App Engine,Mastering Bash and Terminal
3.5662E+18,Gmail API: New endpoints for settings,"Google Cloud Endpoints now generally available: a fast, scalable API gateway",Most Interesting APIs in 2016: Cognitive Computing,The Ultimate Digital Clean-Up Checklist: Are You Prepared For The New Year? - Smashing Magazine,"Google Cloud Machine Learning family grows with new API, editions and pricing",Using Microservices Architecture as API Enablement Strategy
1.90811E+18,Command-line utilities,Mastering Bash and Terminal,Introducing Google Cloud Shell's new code editor,15 Awesome Sublime Text Plugins For Web Development,How to use Docker to run ASP.NET Core apps on Google App Engine,When to make a Git Commit
-1.13863E+18,Kaol Porfírio luta como uma garota! - Think Olga,"SINAIS do FUTURO imediato: #1, internet das coisas",De piada sobre TPM a servir cafezinho: como lidar com machismo no trabalho?,Saiba como a Cisco está trabalhando com IoT e suas iniciativas para os empreendedores desse mercado - Startupi,O que é benchmarking? Veja quando um concorrente se torna inspiração!,"Por dentro do Nubank, conheça os segredos da fintech mais festejada do país"
-6.74215E+18,"[1701.02952] Unhappy Developers: Bad for Themselves, Bad for Process, and Bad for Software Product","Just shut up and let your devs concentrate, advises Stack Overflow CEO Joel Spolsky",Why Programmers Want Private Offices,[1612.00380] Playing Doom with SLAM-Augmented Deep Reinforcement Learning,"EC2 Price Reduction (C4, M4, and T2 Instances) | AWS Blog",The Competitive Landscape for Machine Intelligence
-5.16083E+18,Amazon EBS Update - New Elastic Volumes Change Everything | AWS Blog,Announcing new storage classes for Google Cloud Storage: simplifying the storage and management of hot and cold data,Python - It's metaclasses all the way down,How to Embrace Constant Change in Growth,12 Agile principles,Democratizing AI
4.94512E+18,Sharing innovation with your competitors - Dries Buytaert,How to move an entire government to a new digital platform - Dries Buytaert,Enterprise Open Source Programs Flourish -- In Tech and Elsewhere,A plan for media management in Drupal 8,Dries Distributions remain a growing opportunity for Drupal - Buytaert,Drupal 8 is 1 Year Old (AND YOU GET A PRIZE!)
9.21326E+18,"Conheça a Liga IoT, plataforma de inovação aberta que irá acelerar projetos ligados a Internet das Coisas","""5G está para IoT como 4G esteve para o Smartphone"", saiba as apostas da Intel para 2017",Saiba como a Cisco está trabalhando com IoT e suas iniciativas para os empreendedores desse mercado - Startupi,"SINAIS do FUTURO imediato: #1, internet das coisas",Que novas oportunidades poderemos criar com Blockchain? - CIO,Banco Original discute tendências dos serviços financeiros e lança plataforma para desenvolvedores - Startupi
6.60743E+18,"JPMorgan Software Does in Seconds What Took Lawyers 360,000 Hours",JPMorgan is Quietly Developing a Private Ethereum Blockchain - CoinDesk,The Competitive Landscape for Machine Intelligence,The Competitive Landscape for Machine Intelligence,So you want to sell to banks?,Blockchain startup R3 cuts fund-raising target to $150 million: source
3.61827E+18,Code.org 2016 Annual Report,"Apple &amp; IBM launch first 'MobileFirst for iOS' education app, IBM Watson Element",Introducing the Data Science Maturity Model,Introducing Ask a Female Engineer,[Coursera] Introduction to Communication Science - University of Amsterdam | Coursera,"As Artificial Intelligence Evolves, So Does Its Criminal Potential"
4.09265E+17,Como a tecnologia está mudando o atendimento hospitalar,Transformação digital na Saúde: 3 pilares que devem ser reinventados - Saúde Business,Especialistas trazem tendências de UX para 2017 - KingHost,"SINAIS do FUTURO imediato: #1, internet das coisas",Saiba como a Cisco está trabalhando com IoT e suas iniciativas para os empreendedores desse mercado - Startupi,A saga do jovem CEO da Dasa
4.67551E+18,Swift Top 10 Articles For The Past Year (v.2017),Como consumir conteúdo de qualidade em iOS - CocoaHeads BR,Real World Swift Performance,Stop Coding Machine Learning Algorithms From Scratch - Machine Learning Mastery,Enterprise Open Source Programs Flourish -- In Tech and Elsewhere,17 for '17: Microsoft researchers on what to expect in 2017 and 2027 - Next at Microsoft
6.87097E+18,Google acquires Qwiklabs to teach developers cloud skills,Google's Cloud Machine Learning service is now in public beta,VMware Cloud™ on AWS - A Closer Look - frankdenneman.nl,8 must-see sessions for application developers at Google Cloud Next '17,"Google Cloud Machine Learning family grows with new API, editions and pricing",Google Cloud Platform sets a course for new horizons
-9.10378E+18,What Is a Good Retention Rate for Online Software,The Mobile Growth Stack: 2017 Edition - Mobile Growth Stack,Stop Trying to Monetize Your Data - Built to Adapt,How to Embrace Constant Change in Growth,3 Pillars of the Most Successful Tech Products,Building on Slack Saved Our Startup
-3.29591E+18,Amazon takes on Skype and GoToMeeting with its Chime video conferencing app,Slack swips at Skype with video calls and reaction emoji,Comment: IBM's Apple deployment stats should be a lesson to enterprise companies everywhere,Browser Trends December 2016: Mobile Overtakes Desktop,"Facebook Workplace officially launches on the web and iOS, set to compete head-on with Slack",Live asynchronously.
4.10962E+18,The 2017 Acquia Partners of the Year,Dries Buytaert,Acquia Engage Awards Finalists Announced,Acquia a leader in the 2017 Forrester Wave for Web Content Management Systems | Dries Buytaert,Acquia Engage 2016: Day One,"Acquia Releases Lightning for Drupal 8, Enabling Fast Starts for Digital Experience Deployments [July 19, 2016]"
-5.52155E+18,Introducing Google Cloud Search: Bringing the power of Google Search to G Suite customers,Introducing Google Cloud Search: Bringing the power of Google Search to G Suite customers,"Google Cloud Machine Learning family grows with new API, editions and pricing",Voice Search Could Become Mainstream Within the Next 5 Years,7 Vital SEO Trends for Google Rankings in 2017 | Digital Current,Google Cloud Platform sets a course for new horizons
-8.28629E+18,Slack swips at Skype with video calls and reaction emoji,Slack and Google announce partnership focused on better integrating their services,Building on Slack Saved Our Startup,IBM Watson is about to make Slack's chat bot smarter,"Facebook Workplace officially launches on the web and iOS, set to compete head-on with Slack",How the Communicator's Dilemma Made a 'Slack-lash' Inevitable
2.57266E+18,Now sites can fingerprint you online even when you use multiple browsers,Browser Trends December 2016: Mobile Overtakes Desktop,Sponsored: Five reasons why retailers should opt for digital receipts,"Front-End Performance Checklist 2017 (PDF, Apple Pages) - Smashing Magazine",Lossless Web Navigation with Trails,What to look for in a code review 
4.81762E+18,Facebook now flags and down-ranks fake news with help from outside fact checkers,Client-side ranking to more efficiently show people stories in feed,"Facebook Workplace officially launches on the web and iOS, set to compete head-on with Slack","Facebook lança Workplace, versão da rede social para empresas",Most Interesting APIs in 2016: Cognitive Computing,Life Beyond Email: Chatbot Marketing
-7.03466E+18,Yahoo discloses hack of 1 billion accounts,"Simple rolls out shared bank accounts that work for anyone, including roommates",7 Vital SEO Trends for Google Rankings in 2017 | Digital Current,"Facebook, Amazon, Google, IBM and Microsoft come together to create historic Partnership on AI",Stop Trying to Monetize Your Data - Built to Adapt,Comment: IBM's Apple deployment stats should be a lesson to enterprise companies everywhere
4.64418E+18,Smirnoff lança primeiro destilado em embalagem Tetrapak do Brasil,Black Friday salva o ano do e-commerce,A saga do jovem CEO da Dasa,Como o Trello foi de 4 a 17 milhões de usuários,"""5G está para IoT como 4G esteve para o Smartphone"", saiba as apostas da Intel para 2017",Especialistas trazem tendências de UX para 2017 - KingHost
8.05738E+18,Oculus acquires eye-tracking startup The Eye Tribe,Build Quality In: The Key to Continuous Delivery in Kanban,"Robotics, VR Content Take Center Stage at CES, But Where Is Cannabiz?",Ask a Female Engineer: Joining a Startup,"9 trends you need to watch at CES 2017, from 'AI' assistants to 'AR' devices",Hubble Contacts raises $7.2 million to deliver disposable lenses direct to consumers
7.69759E+18,Top 5 conteúdos 2016 - Sensedia,Especialistas trazem tendências de UX para 2017 - KingHost,Saiba como a Cisco está trabalhando com IoT e suas iniciativas para os empreendedores desse mercado - Startupi,A saga do jovem CEO da Dasa,Black Friday salva o ano do e-commerce,"Por dentro do Nubank, conheça os segredos da fintech mais festejada do país"
-7.10801E+18,The Ultimate Digital Clean-Up Checklist: Are You Prepared For The New Year? - Smashing Magazine,Gmail API: New endpoints for settings,Live asynchronously.,Home-Made Twitter and Gmail Notifications with PHP and Arduino,Life Beyond Email: Chatbot Marketing,This 8-Page Website Generated Six-Figures in its First 8 Months - gaps
7.52698E+18,Renewing Medium's focus,Seniority,10 principles of business transformation,Building on Slack Saved Our Startup,Why do you Fail at Growth Marketing and How to Solve it,What Happens When No One and Everyone Owns a Product? - Built to Adapt
-2.8263E+17,Santander Brasil gera 21% do resultado da matriz no 4º trimestre,"Santander Brasil tem lucro gerencial de R$ 1,989 bi no 4º trimestre",Seguradoras divulgam resultados de 2016 - Apólice,"Vale reverte prejuízo e tem lucro de R$ 1,8 bilhão no 3º trimestre","Vale reverte prejuízo e tem lucro de R$ 1,8 bilhão no 3º trimestre",Black Friday salva o ano do e-commerce
-6.46878E+18,"Santander Brasil tem lucro gerencial de R$ 1,989 bi no 4º trimestre",Seguradoras divulgam resultados de 2016 - Apólice,"Vale reverte prejuízo e tem lucro de R$ 1,8 bilhão no 3º trimestre","Vale reverte prejuízo e tem lucro de R$ 1,8 bilhão no 3º trimestre",Santander Brasil gera 21% do resultado da matriz no 4º trimestre,Dasa multiplica lucro em 6 vezes no terceiro trimestre
-9.04042E+18,"Depois da Inteligência Artificial, vem aí a Inteligência Paralela",Especialistas trazem tendências de UX para 2017 - KingHost,"Como a inteligência artificial já muda mercados, da gastronomia ao petróleo - Startupi",Aplicações da Inteligência artificial | Endeavor Brasil,"SINAIS do FUTURO imediato: #1, internet das coisas","Por dentro do Nubank, conheça os segredos da fintech mais festejada do país"
